ID_Venda,Data_Venda,Produto,Preco_Unitario,Quantidade,Total_Venda,Metodo_Pagamento
1216,2026-01-02 13:21:45.096585,Suco Goiaba,8.0,2,16.0,Pix
1174,2026-01-02 14:27:45.096585,Adicional Bacon,4.0,1,4.0,Dinheiro
1509,2026-01-02 15:27:45.096585,Tapioca Bacon com Ovos e Queijo,18.0,1,18.0,Cartão Débito
1548,2026-01-02 16:15:45.096585,Salada de frutas,12.0,1,12.0,Cartão Crédito
1667,2026-01-02 16:34:45.096585,"Pao com Ovo, Bacon e Queijo Coalho",12.0,1,12.0,Cartão Crédito
1801,2026-01-02 17:00:45.096585,Suco Goiaba,8.0,1,8.0,Cartão Crédito
1813,2026-01-02 17:25:45.096585,Tapioca Frango com Cheddar,18.0,1,18.0,Cartão Crédito
1026,2026-01-02 17:26:45.096585,Tapioca Romeu e Julieta,16.0,3,48.0,Pix
1445,2026-01-02 17:28:45.096585,Tapioca Romeu e Julieta,16.0,3,48.0,Dinheiro
1828,2026-01-02 17:41:45.096585,Adicional Calabresa,4.0,2,8.0,Cartão Crédito
1516,2026-01-02 17:52:45.096585,Tapioca Carne Seca com Requeijao,22.0,1,22.0,Dinheiro
1054,2026-01-02 17:54:45.096585,Adicional Catupiry,3.0,3,9.0,Cartão Crédito
1486,2026-01-02 17:58:45.096585,"Suco Beterraba com Cenoura, Laranja, Limao e Gengibre",8.0,2,16.0,Pix
1507,2026-01-02 18:06:45.096585,Vitamina Banana com Aveia,15.0,3,45.0,Dinheiro
1391,2026-01-02 19:34:45.096585,Suco Laranja com Couve e Hortela,8.0,1,8.0,Pix
1382,2026-01-02 19:57:45.096585,Suco Abacaxi com Hortela e Gengibre,8.0,1,8.0,Pix
1822,2026-01-02 20:06:45.096585,Tapioca Romeu e Julieta,16.0,1,16.0,Pix
1270,2026-01-02 21:18:45.096585,Adicional Requeijão,4.0,1,4.0,Pix
1851,2026-01-02 21:28:45.096585,Adicional Requeijão,4.0,1,4.0,Cartão Crédito
1900,2026-01-02 22:04:45.096585,Tapioca Frango com Catupiry,18.0,1,18.0,Dinheiro
1567,2026-01-03 12:09:45.096585,"Tapioca Queijo com Presunto, Calabresa e Cheddar",16.0,1,16.0,Dinheiro
1139,2026-01-03 13:19:45.096585,Pao com Linguica,17.0,3,51.0,Pix
1520,2026-01-03 15:31:45.096585,Adicional Ovo,2.0,1,2.0,Cartão Débito
1168,2026-01-03 15:39:45.096585,Tapioca Frango com Requeijao,20.0,2,40.0,Cartão Débito
1732,2026-01-03 15:59:45.096585,Vitamina Abacate,15.0,2,30.0,Cartão Débito
1785,2026-01-03 16:07:45.096585,Suco Limao,8.0,3,24.0,Pix
1906,2026-01-03 16:18:45.096585,Adicional Calabresa,4.0,1,4.0,Cartão Débito
1296,2026-01-03 17:28:45.096585,Suco Laranja com Couve e Hortela,8.0,1,8.0,Cartão Crédito
1414,2026-01-03 18:44:45.096585,Suco Goiaba,8.0,1,8.0,Cartão Crédito
1865,2026-01-03 18:53:45.096585,Suco Laranja com Acerola,8.0,1,8.0,Pix
1532,2026-01-03 19:25:45.096585,Suco Laranja com Morango,8.0,1,8.0,Dinheiro
1899,2026-01-03 19:44:45.096585,"Pao com Ovo, Bacon e Queijo Coalho",12.0,1,12.0,Pix
1821,2026-01-03 20:11:45.096585,Suco Manga,8.0,1,8.0,Cartão Débito
1100,2026-01-03 20:13:45.096585,Adicional Bacon,4.0,1,4.0,Dinheiro
1916,2026-01-03 20:40:45.096585,Tapioca Nutella com Oreo,17.0,1,17.0,Pix
1608,2026-01-03 21:18:45.096585,Vitamina Abacate,15.0,3,45.0,Dinheiro
1196,2026-01-03 21:27:45.096585,Suco Melancia,8.0,1,8.0,Pix
1827,2026-01-04 11:34:45.096585,"Suco Beterraba com Cenoura, Laranja, Limao e Gengibre",8.0,3,24.0,Cartão Débito
1028,2026-01-04 13:43:45.096585,Adicional Requeijão,4.0,1,4.0,Dinheiro
1472,2026-01-04 13:44:45.096585,Suco Melancia,8.0,1,8.0,Pix
1709,2026-01-04 15:01:45.096585,Tapioca Carne Seca com Queijo,20.0,1,20.0,Dinheiro
1327,2026-01-04 15:57:45.096585,Suco Laranja com Acerola,8.0,2,16.0,Pix
1544,2026-01-04 16:05:45.096585,Adicional Queijo,4.0,2,8.0,Cartão Débito
1178,2026-01-04 16:31:45.096585,Suco Limao com Inhame,8.0,1,8.0,Pix
1710,2026-01-04 16:45:45.096585,Adicional Calabresa,4.0,2,8.0,Dinheiro
1301,2026-01-04 17:14:45.096585,Tapioca Nutella,16.0,1,16.0,Dinheiro
1948,2026-01-04 17:22:45.096585,Tapioca Romeu e Julieta,16.0,1,16.0,Dinheiro
1784,2026-01-04 17:42:45.096585,Tapioca Carne Seca com Queijo,20.0,1,20.0,Dinheiro
1752,2026-01-04 17:59:45.096585,Adicional Catupiry,3.0,1,3.0,Dinheiro
1275,2026-01-04 17:59:45.096585,Salada de frutas,12.0,2,24.0,Pix
1505,2026-01-04 18:02:45.096585,Misto com Queijo e Peito de Peru,8.0,1,8.0,Pix
1750,2026-01-04 18:19:45.096585,Sanduiche Natural,12.0,3,36.0,Cartão Crédito
1409,2026-01-04 18:27:45.096585,Adicional Bacon,4.0,1,4.0,Cartão Débito
1230,2026-01-04 18:35:45.096585,Suco Melancia,8.0,1,8.0,Dinheiro
1056,2026-01-04 18:53:45.096585,Suco Manga,8.0,1,8.0,Dinheiro
1508,2026-01-04 18:55:45.096585,Misto Quente,6.0,1,6.0,Dinheiro
1229,2026-01-04 18:55:45.096585,Sanduiche Natural,12.0,1,12.0,Pix
1426,2026-01-04 20:41:45.096585,Tapioca Calabresa com Queijo,16.0,3,48.0,Cartão Débito
1847,2026-01-04 22:05:45.096585,Tapioca Bacon com Queijo e Requeijao,18.0,1,18.0,Pix
1960,2026-01-04 22:11:45.096585,Suco Maracuja com Morango,8.0,1,8.0,Cartão Crédito
1272,2026-01-05 13:53:45.096585,Tapioca Nutella,16.0,3,48.0,Pix
1200,2026-01-05 14:16:45.096585,Pao com Linguica,17.0,3,51.0,Cartão Crédito
1160,2026-01-05 14:54:45.096585,Adicional Cheddar,3.0,1,3.0,Pix
1691,2026-01-05 15:06:45.096585,Vitamina Abacate,15.0,1,15.0,Cartão Débito
1572,2026-01-05 15:40:45.096585,Suco Laranja com Couve e Hortela,8.0,2,16.0,Dinheiro
1444,2026-01-05 15:43:45.096585,Adicional Catupiry,3.0,1,3.0,Cartão Crédito
1325,2026-01-05 17:53:45.096585,Tapioca Frango com Queijo,18.0,1,18.0,Pix
1914,2026-01-05 17:59:45.096585,Tapioca Queijo com Presunto,16.0,1,16.0,Pix
1531,2026-01-05 18:39:45.096585,Tapioca Bacon com Queijo e Requeijao,18.0,1,18.0,Cartão Crédito
1766,2026-01-05 18:48:45.096585,Adicional Requeijão,4.0,1,4.0,Pix
1982,2026-01-05 18:51:45.096585,Suco Laranja com Acerola,8.0,1,8.0,Pix
1806,2026-01-05 19:05:45.096585,Tapioca Calabresa com Cheddar,16.0,2,32.0,Cartão Crédito
1958,2026-01-05 20:08:45.096585,Pao com Linguica,17.0,1,17.0,Cartão Débito
1656,2026-01-05 20:59:45.096585,Adicional Ovo,2.0,3,6.0,Pix
1271,2026-01-05 21:13:45.096585,Suco Maracuja com Morango,8.0,2,16.0,Cartão Crédito
1078,2026-01-06 16:27:45.096585,Tapioca Carne Seca com Cheddar,20.0,1,20.0,Cartão Débito
1962,2026-01-06 16:32:45.096585,Suco Maracuja com Morango,8.0,1,8.0,Cartão Débito
1237,2026-01-06 16:34:45.096585,Tapioca Calabresa com Queijo,16.0,3,48.0,Pix
1093,2026-01-06 16:36:45.096585,Misto com Queijo e Peito de Peru,8.0,1,8.0,Dinheiro
1420,2026-01-06 17:24:45.096585,Tapioca Frango com Queijo,18.0,1,18.0,Dinheiro
1633,2026-01-06 17:54:45.096585,Tapioca Queijo com Presunto,16.0,1,16.0,Cartão Débito
1694,2026-01-06 18:15:45.096585,Suco Manga,8.0,2,16.0,Cartão Crédito
1380,2026-01-06 18:17:45.096585,Vitamina Morango,15.0,3,45.0,Cartão Débito
1245,2026-01-06 18:48:45.096585,Tapioca Nutella com Oreo,17.0,2,34.0,Pix
1014,2026-01-06 19:11:45.096585,Suco Laranja,8.0,1,8.0,Cartão Crédito
1075,2026-01-06 19:46:45.096585,Adicional Calabresa,4.0,1,4.0,Cartão Crédito
1714,2026-01-06 21:42:45.096585,Adicional Cheddar,3.0,2,6.0,Cartão Crédito
1328,2026-01-07 13:47:45.096585,Adicional Queijo,4.0,1,4.0,Cartão Débito
1484,2026-01-07 14:22:45.096585,Suco Laranja com Acerola,8.0,1,8.0,Pix
1480,2026-01-07 14:23:45.096585,Tapioca Carne Seca com Cheddar,20.0,1,20.0,Cartão Crédito
1460,2026-01-07 15:51:45.096585,Suco Laranja com Morango,8.0,2,16.0,Cartão Crédito
1873,2026-01-07 16:07:45.096585,Suco Goiaba,8.0,1,8.0,Cartão Crédito
1193,2026-01-07 16:45:45.096585,Tapioca Coco com Leite Condensado,16.0,1,16.0,Pix
1832,2026-01-07 16:48:45.096585,Vitamina Banana com Aveia,15.0,1,15.0,Cartão Crédito
1836,2026-01-07 17:14:45.096585,Suco Manga,8.0,1,8.0,Dinheiro
1751,2026-01-07 17:26:45.096585,Tapioca Frango com Catupiry,18.0,1,18.0,Cartão Débito
1455,2026-01-07 17:48:45.096585,Suco Laranja com Couve e Hortela,8.0,2,16.0,Dinheiro
1060,2026-01-07 17:50:45.096585,Suco Laranja com Couve e Hortela,8.0,3,24.0,Cartão Débito
1383,2026-01-07 18:26:45.096585,Adicional Catupiry,3.0,2,6.0,Cartão Débito
1728,2026-01-07 19:24:45.096585,Tapioca Carne Seca com Requeijao,22.0,3,66.0,Dinheiro
1385,2026-01-07 19:41:45.096585,Tapioca Carne Seca com Queijo,20.0,2,40.0,Cartão Débito
1463,2026-01-08 13:28:45.096585,Adicional Cheddar,3.0,1,3.0,Dinheiro
1603,2026-01-08 14:39:45.096585,Tapioca Carne Seca com Requeijao,22.0,1,22.0,Cartão Débito
1645,2026-01-08 16:25:45.096585,Tapioca Queijo com Presunto,16.0,1,16.0,Cartão Crédito
1612,2026-01-08 16:37:45.096585,Tapioca Coco com Leite Condensado,16.0,2,32.0,Cartão Débito
1500,2026-01-08 16:51:45.096585,Tapioca Coco com Leite Condensado,16.0,1,16.0,Cartão Débito
1673,2026-01-08 17:04:45.096585,Suco Abacaxi com Hortela e Gengibre,8.0,3,24.0,Dinheiro
1881,2026-01-08 17:25:45.096585,Tapioca Frango com Requeijao,20.0,1,20.0,Cartão Crédito
1172,2026-01-08 17:45:45.096585,Tapioca Romeu e Julieta,16.0,1,16.0,Cartão Débito
1392,2026-01-08 17:54:45.096585,Tapioca Bacon com Queijo e Requeijao,18.0,3,54.0,Cartão Crédito
1613,2026-01-08 18:38:45.096585,Adicional Queijo,4.0,1,4.0,Dinheiro
1562,2026-01-08 18:40:45.096585,Tapioca Romeu e Julieta,16.0,1,16.0,Cartão Débito
1735,2026-01-08 18:53:45.096585,Vitamina Abacate,15.0,2,30.0,Cartão Débito
1664,2026-01-08 19:32:45.096585,Adicional Cheddar,3.0,1,3.0,Cartão Débito
1561,2026-01-08 19:41:45.096585,Tapioca Queijo com Presunto,16.0,3,48.0,Cartão Crédito
1824,2026-01-08 21:36:45.096585,"Suco Beterraba com Cenoura, Laranja, Limao e Gengibre",8.0,2,16.0,Pix
1595,2026-01-08 21:58:45.096585,Tapioca Bacon com Ovos e Queijo,18.0,1,18.0,Cartão Crédito
1357,2026-01-09 13:56:45.096585,Fielzao,12.0,1,12.0,Dinheiro
1084,2026-01-09 14:02:45.096585,Fielzao,12.0,1,12.0,Pix
1967,2026-01-09 14:37:45.096585,Tapioca Frango com Cheddar,18.0,1,18.0,Cartão Crédito
1611,2026-01-09 15:47:45.096585,Suco Abacaxi,8.0,1,8.0,Pix
1437,2026-01-09 16:02:45.096585,Suco Maracuja,8.0,1,8.0,Dinheiro
1606,2026-01-09 16:02:45.096585,Suco Maracuja com Morango,8.0,1,8.0,Dinheiro
1033,2026-01-09 16:36:45.096585,Suco Limao,8.0,1,8.0,Cartão Débito
1302,2026-01-09 16:48:45.096585,"Suco Beterraba com Cenoura, Laranja, Limao e Gengibre",8.0,1,8.0,Pix
1240,2026-01-09 17:09:45.096585,Misto com Queijo e Peito de Peru,8.0,1,8.0,Cartão Crédito
1006,2026-01-09 17:46:45.096585,Tapioca Queijo com Presunto,16.0,1,16.0,Dinheiro
1748,2026-01-09 17:55:45.096585,Pao com Ovo e Bacon,9.0,1,9.0,Cartão Crédito
1942,2026-01-09 17:59:45.096585,Sanduiche Natural,12.0,1,12.0,Dinheiro
1088,2026-01-09 18:18:45.096585,Adicional Requeijão,4.0,1,4.0,Dinheiro
1740,2026-01-09 18:32:45.096585,Suco Abacaxi com Hortela e Gengibre,8.0,1,8.0,Cartão Débito
1796,2026-01-09 18:36:45.096585,Sanduiche Natural,12.0,2,24.0,Dinheiro
1637,2026-01-09 18:48:45.096585,Suco Abacaxi,8.0,2,16.0,Pix
1856,2026-01-09 18:54:45.096585,Suco Melancia,8.0,1,8.0,Cartão Débito
1693,2026-01-09 20:06:45.096585,Suco Laranja com Morango,8.0,1,8.0,Pix
1850,2026-01-09 20:24:45.096585,Tapioca Carne Seca com Requeijao,22.0,3,66.0,Cartão Débito
1984,2026-01-09 20:45:45.096585,Adicional Requeijão,4.0,2,8.0,Cartão Crédito
1954,2026-01-09 20:54:45.096585,Tapioca Carne Seca com Queijo,20.0,1,20.0,Dinheiro
1794,2026-01-09 21:25:45.096585,Adicional Ovo,2.0,1,2.0,Dinheiro
1901,2026-01-09 21:36:45.096585,Misto com Ovo,10.0,1,10.0,Pix
1159,2026-01-09 22:03:45.096585,"Suco Beterraba com Cenoura, Laranja, Limao e Gengibre",8.0,1,8.0,Cartão Débito
1549,2026-01-09 22:11:45.096585,Suco Laranja com Couve e Hortela,8.0,1,8.0,Cartão Débito
1891,2026-01-10 13:52:45.096585,Suco Laranja,8.0,1,8.0,Dinheiro
1787,2026-01-10 16:25:45.096585,Tapioca Queijo Branco com Peito de Peru,16.0,2,32.0,Pix
1790,2026-01-10 17:11:45.096585,Tapioca Queijo com Presunto,16.0,1,16.0,Dinheiro
1722,2026-01-10 17:14:45.096585,Suco Laranja com Couve e Hortela,8.0,1,8.0,Dinheiro
1625,2026-01-10 17:16:45.096585,Tapioca Carne Seca com Queijo,20.0,1,20.0,Cartão Débito
1554,2026-01-10 17:26:45.096585,Suco Manga,8.0,1,8.0,Pix
1378,2026-01-10 17:45:45.096585,Tapioca Frango com Catupiry,18.0,1,18.0,Cartão Crédito
1123,2026-01-10 17:51:45.096585,Suco Goiaba,8.0,1,8.0,Pix
1138,2026-01-10 18:05:45.096585,Fielzao,12.0,2,24.0,Pix
1345,2026-01-10 18:11:45.096585,Suco Laranja,8.0,1,8.0,Dinheiro
1194,2026-01-10 18:33:45.096585,Tapioca Carne Seca com Catupiry,20.0,2,40.0,Cartão Crédito
1224,2026-01-10 19:01:45.096585,Tapioca Carne Seca com Cheddar,20.0,1,20.0,Cartão Crédito
1628,2026-01-10 19:08:45.096585,Pao com Ovo e Bacon,9.0,2,18.0,Pix
1330,2026-01-10 19:09:45.096585,Tapioca Frango com Cheddar,18.0,1,18.0,Cartão Débito
1366,2026-01-10 19:09:45.096585,Adicional Cheddar,3.0,2,6.0,Pix
1885,2026-01-10 19:15:45.096585,Tapioca Frango com Catupiry,18.0,1,18.0,Cartão Débito
1157,2026-01-10 19:28:45.096585,Tapioca Calabresa com Cheddar,16.0,1,16.0,Cartão Débito
1404,2026-01-10 19:48:45.096585,Tapioca Carne Seca com Requeijao,22.0,1,22.0,Cartão Crédito
1220,2026-01-10 21:08:45.096585,Tapioca Bacon com Queijo e Requeijao,18.0,2,36.0,Dinheiro
1552,2026-01-11 12:03:45.096585,Suco Laranja com Morango,8.0,1,8.0,Cartão Crédito
1105,2026-01-11 15:36:45.096585,Suco Laranja com Acerola,8.0,1,8.0,Cartão Crédito
1323,2026-01-11 15:38:45.096585,Suco Laranja,8.0,3,24.0,Cartão Crédito
1293,2026-01-11 16:21:45.096585,Adicional Queijo,4.0,1,4.0,Cartão Crédito
1786,2026-01-11 16:24:45.096585,Tapioca Queijo com Presunto,16.0,2,32.0,Pix
1122,2026-01-11 16:36:45.096585,Adicional Requeijão,4.0,1,4.0,Pix
1465,2026-01-11 16:53:45.096585,Adicional Queijo,4.0,1,4.0,Cartão Débito
1005,2026-01-11 16:56:45.096585,Suco Laranja com Couve e Hortela,8.0,3,24.0,Dinheiro
1243,2026-01-11 17:08:45.096585,Suco Laranja com Couve e Hortela,8.0,1,8.0,Pix
1089,2026-01-11 17:31:45.096585,Tapioca Calabresa com Cheddar,16.0,2,32.0,Pix
1436,2026-01-11 18:25:45.096585,Tapioca Carne Seca com Catupiry,20.0,1,20.0,Cartão Crédito
1469,2026-01-11 19:56:45.096585,Pao com Ovo e Bacon,9.0,1,9.0,Dinheiro
1860,2026-01-11 21:05:45.096585,Tapioca Queijo com Presunto,16.0,3,48.0,Cartão Crédito
1992,2026-01-11 21:05:45.096585,Vitamina Abacate,15.0,2,30.0,Cartão Crédito
1257,2026-01-11 21:57:45.096585,Tapioca Carne Seca com Cheddar,20.0,1,20.0,Cartão Débito
1155,2026-01-11 22:09:45.096585,Vitamina Abacate,15.0,1,15.0,Pix
1297,2026-01-11 22:10:45.096585,Adicional Calabresa,4.0,1,4.0,Cartão Débito
1443,2026-01-12 12:38:45.096585,Suco Limao,8.0,2,16.0,Dinheiro
1708,2026-01-12 14:43:45.096585,Tapioca Frango com Cheddar,18.0,1,18.0,Dinheiro
1939,2026-01-12 15:23:45.096585,Suco Abacaxi com Hortela e Gengibre,8.0,1,8.0,Pix
1697,2026-01-12 16:12:45.096585,Vitamina Banana com Aveia,15.0,1,15.0,Dinheiro
1198,2026-01-12 16:29:45.096585,Pao com Linguica,17.0,1,17.0,Cartão Débito
1626,2026-01-12 16:34:45.096585,Adicional Queijo,4.0,1,4.0,Cartão Débito
1238,2026-01-12 16:34:45.096585,Tapioca Bacon com Queijo e Requeijao,18.0,1,18.0,Pix
1988,2026-01-12 16:36:45.096585,Tapioca Calabresa com Cheddar,16.0,3,48.0,Dinheiro
1173,2026-01-12 17:20:45.096585,Suco Abacaxi,8.0,1,8.0,Dinheiro
1826,2026-01-12 18:29:45.096585,Suco Laranja com Morango,8.0,2,16.0,Cartão Crédito
1537,2026-01-12 19:33:45.096585,Tapioca Bacon com Queijo e Requeijao,18.0,1,18.0,Cartão Débito
1320,2026-01-12 19:42:45.096585,Sanduiche Natural,12.0,1,12.0,Pix
1478,2026-01-12 19:42:45.096585,Tapioca Carne Seca com Queijo,20.0,1,20.0,Cartão Débito
1467,2026-01-12 20:10:45.096585,Suco Laranja com Couve e Hortela,8.0,1,8.0,Cartão Crédito
1169,2026-01-12 21:04:45.096585,"Tapioca Queijo com Presunto, Calabresa e Cheddar",16.0,1,16.0,Cartão Crédito
1396,2026-01-12 21:55:45.096585,Tapioca Calabresa com Queijo,16.0,2,32.0,Pix
1706,2026-01-12 22:09:45.096585,Vitamina Abacate,15.0,1,15.0,Pix
1981,2026-01-12 22:10:45.096585,Tapioca Frango com Catupiry,18.0,2,36.0,Pix
1964,2026-01-13 16:17:45.096585,Tapioca Queijo com Presunto,16.0,1,16.0,Pix
1094,2026-01-13 16:36:45.096585,Tapioca Coco com Leite Condensado,16.0,1,16.0,Cartão Débito
1525,2026-01-13 17:14:45.096585,Suco Maracuja,8.0,1,8.0,Cartão Crédito
1685,2026-01-13 17:24:45.096585,Pao com Ovo e Bacon,9.0,2,18.0,Dinheiro
1991,2026-01-13 17:37:45.096585,Tapioca Carne Seca com Requeijao,22.0,1,22.0,Cartão Débito
1736,2026-01-13 18:22:45.096585,Tapioca Carne Seca com Cheddar,20.0,1,20.0,Pix
1015,2026-01-13 19:21:45.096585,Vitamina Banana com Aveia,15.0,1,15.0,Pix
1236,2026-01-13 19:22:45.096585,Suco Goiaba,8.0,1,8.0,Cartão Crédito
1289,2026-01-13 19:41:45.096585,Tapioca Bacon com Ovos e Queijo,18.0,1,18.0,Cartão Crédito
1765,2026-01-13 20:02:45.096585,Pao com Linguica,17.0,1,17.0,Pix
1226,2026-01-13 20:39:45.096585,Tapioca Carne Seca com Requeijao,22.0,1,22.0,Dinheiro
1131,2026-01-13 20:53:45.096585,"Pao com Ovo, Bacon e Queijo Coalho",12.0,1,12.0,Pix
1526,2026-01-13 21:15:45.096585,Tapioca Nutella,16.0,1,16.0,Cartão Débito
1889,2026-01-13 21:17:45.096585,Vitamina Maracuja,15.0,2,30.0,Cartão Débito
1723,2026-01-14 14:37:45.096585,Pao com Linguica,17.0,2,34.0,Dinheiro
1742,2026-01-14 15:26:45.096585,Misto com Ovo,10.0,2,20.0,Pix
1277,2026-01-14 15:29:45.096585,Suco Melancia,8.0,1,8.0,Dinheiro
1397,2026-01-14 16:11:45.096585,Misto Quente,6.0,2,12.0,Dinheiro
1799,2026-01-14 16:18:45.096585,Pao com Ovo e Bacon,9.0,3,27.0,Cartão Crédito
1912,2026-01-14 17:41:45.096585,Adicional Queijo,4.0,1,4.0,Cartão Débito
1807,2026-01-14 18:08:45.096585,Suco Laranja com Acerola,8.0,1,8.0,Pix
1285,2026-01-14 18:44:45.096585,Adicional Calabresa,4.0,1,4.0,Dinheiro
1712,2026-01-14 19:21:45.096585,Tapioca Queijo Branco com Peito de Peru,16.0,1,16.0,Dinheiro
1348,2026-01-14 20:11:45.096585,Vitamina Morango,15.0,2,30.0,Cartão Crédito
1652,2026-01-14 20:17:45.096585,Vitamina Banana com Aveia,15.0,2,30.0,Cartão Débito
1317,2026-01-14 20:37:45.096585,Vitamina Abacate,15.0,1,15.0,Cartão Débito
1602,2026-01-14 21:15:45.096585,Vitamina Banana com Aveia,15.0,1,15.0,Pix
1076,2026-01-15 14:30:45.096585,Suco Limao,8.0,1,8.0,Cartão Crédito
1333,2026-01-15 15:14:45.096585,Tapioca Nutella,16.0,1,16.0,Cartão Débito
1632,2026-01-15 16:23:45.096585,Adicional Cheddar,3.0,1,3.0,Cartão Crédito
1186,2026-01-15 16:48:45.096585,Suco Abacaxi,8.0,1,8.0,Cartão Crédito
1427,2026-01-15 16:48:45.096585,Suco Maracuja com Morango,8.0,1,8.0,Cartão Débito
1711,2026-01-15 17:00:45.096585,Misto com Queijo e Peito de Peru,8.0,1,8.0,Cartão Débito
1934,2026-01-15 17:11:45.096585,Suco Laranja com Morango,8.0,1,8.0,Cartão Débito
1888,2026-01-15 17:25:45.096585,Adicional Calabresa,4.0,1,4.0,Cartão Débito
1938,2026-01-15 17:51:45.096585,Adicional Ovo,2.0,1,2.0,Cartão Crédito
1046,2026-01-15 18:32:45.096585,Adicional Bacon,4.0,1,4.0,Pix
1151,2026-01-15 19:01:45.096585,Tapioca Calabresa com Cheddar,16.0,1,16.0,Pix
1902,2026-01-15 19:02:45.096585,Tapioca Nutella com Oreo,17.0,1,17.0,Dinheiro
1308,2026-01-15 19:36:45.096585,Suco Goiaba,8.0,1,8.0,Pix
1781,2026-01-15 21:13:45.096585,Adicional Queijo,4.0,1,4.0,Dinheiro
1926,2026-01-15 21:14:45.096585,Suco Abacaxi,8.0,1,8.0,Cartão Débito
1262,2026-01-15 21:23:45.096585,Suco Manga,8.0,1,8.0,Dinheiro
1368,2026-01-15 21:27:45.096585,Suco Laranja com Acerola,8.0,1,8.0,Cartão Débito
1940,2026-01-15 21:51:45.096585,Tapioca Nutella,16.0,1,16.0,Dinheiro
1514,2026-01-16 12:33:45.096585,Vitamina Abacate,15.0,1,15.0,Cartão Débito
1944,2026-01-16 14:25:45.096585,Pao com Linguica,17.0,1,17.0,Pix
1000,2026-01-16 14:34:45.096585,Vitamina Abacate,15.0,1,15.0,Dinheiro
1583,2026-01-16 16:28:45.096585,Suco Limao,8.0,1,8.0,Dinheiro
1416,2026-01-16 16:29:45.096585,Vitamina Maracuja,15.0,1,15.0,Pix
1260,2026-01-16 17:07:45.096585,Suco Goiaba,8.0,1,8.0,Cartão Crédito
1658,2026-01-16 17:37:45.096585,Suco Maracuja,8.0,3,24.0,Dinheiro
1110,2026-01-16 17:49:45.096585,"Tapioca Queijo com Presunto, Calabresa e Cheddar",16.0,1,16.0,Pix
1581,2026-01-16 18:34:45.096585,Adicional Requeijão,4.0,3,12.0,Cartão Débito
1842,2026-01-16 18:45:45.096585,Adicional Bacon,4.0,1,4.0,Dinheiro
1972,2026-01-16 18:46:45.096585,Tapioca Coco com Leite Condensado,16.0,3,48.0,Pix
1081,2026-01-16 20:05:45.096585,Adicional Requeijão,4.0,1,4.0,Pix
1013,2026-01-16 21:12:45.096585,Adicional Requeijão,4.0,2,8.0,Cartão Crédito
1294,2026-01-16 21:36:45.096585,Tapioca Frango com Queijo,18.0,1,18.0,Cartão Crédito
1386,2026-01-17 13:25:45.096585,"Tapioca Queijo com Presunto, Calabresa e Cheddar",16.0,1,16.0,Cartão Crédito
1425,2026-01-17 13:45:45.096585,Tapioca Carne Seca com Catupiry,20.0,2,40.0,Cartão Crédito
1435,2026-01-17 15:50:45.096585,Sanduiche Natural,12.0,1,12.0,Cartão Crédito
1267,2026-01-17 16:00:45.096585,Adicional Catupiry,3.0,1,3.0,Cartão Débito
1788,2026-01-17 16:03:45.096585,Suco Goiaba,8.0,2,16.0,Dinheiro
1917,2026-01-17 16:14:45.096585,Vitamina Abacate,15.0,1,15.0,Pix
1119,2026-01-17 16:31:45.096585,Suco Laranja,8.0,1,8.0,Cartão Débito
1932,2026-01-17 16:36:45.096585,Adicional Ovo,2.0,1,2.0,Dinheiro
1442,2026-01-17 17:30:45.096585,Sanduiche Natural,12.0,3,36.0,Cartão Crédito
1737,2026-01-17 17:41:45.096585,Suco Laranja com Couve e Hortela,8.0,1,8.0,Cartão Débito
1909,2026-01-17 18:08:45.096585,Pao com Ovo e Bacon,9.0,2,18.0,Cartão Débito
1770,2026-01-17 18:24:45.096585,Adicional Cheddar,3.0,1,3.0,Cartão Crédito
1870,2026-01-17 18:30:45.096585,Tapioca Bacon com Ovos e Queijo,18.0,3,54.0,Cartão Crédito
1883,2026-01-17 19:11:45.096585,Suco Laranja com Morango,8.0,1,8.0,Pix
1189,2026-01-17 19:25:45.096585,Tapioca Carne Seca com Catupiry,20.0,1,20.0,Cartão Crédito
1429,2026-01-17 19:50:45.096585,Tapioca Romeu e Julieta,16.0,1,16.0,Dinheiro
1898,2026-01-17 20:00:45.096585,Adicional Catupiry,3.0,1,3.0,Pix
1854,2026-01-17 20:47:45.096585,Adicional Catupiry,3.0,3,9.0,Cartão Crédito
1911,2026-01-17 21:42:45.096585,Salada de frutas,12.0,1,12.0,Pix
1299,2026-01-17 21:44:45.096585,Tapioca Romeu e Julieta,16.0,2,32.0,Pix
1431,2026-01-18 15:29:45.096585,Adicional Queijo,4.0,1,4.0,Pix
1211,2026-01-18 16:19:45.096585,Adicional Queijo,4.0,1,4.0,Dinheiro
1364,2026-01-18 16:34:45.096585,"Suco Beterraba com Cenoura, Laranja, Limao e Gengibre",8.0,1,8.0,Dinheiro
1998,2026-01-18 16:47:45.096585,Suco Goiaba,8.0,1,8.0,Dinheiro
1113,2026-01-18 16:58:45.096585,Suco Limao,8.0,1,8.0,Pix
1638,2026-01-18 17:24:45.096585,Tapioca Queijo com Presunto,16.0,1,16.0,Pix
1012,2026-01-18 17:32:45.096585,Vitamina Morango,15.0,1,15.0,Cartão Débito
1769,2026-01-18 17:48:45.096585,Suco Abacaxi,8.0,3,24.0,Pix
1002,2026-01-18 18:55:45.096585,Tapioca Calabresa com Queijo,16.0,1,16.0,Dinheiro
1764,2026-01-18 19:28:45.096585,Suco Abacaxi com Hortela e Gengibre,8.0,2,16.0,Pix
1775,2026-01-18 19:42:45.096585,Tapioca Queijo com Presunto,16.0,1,16.0,Cartão Débito
1184,2026-01-18 21:45:45.096585,Tapioca Queijo com Presunto,16.0,3,48.0,Cartão Débito
1214,2026-01-18 21:56:45.096585,Adicional Calabresa,4.0,1,4.0,Cartão Crédito
1502,2026-01-19 12:20:45.096585,Salada de frutas,12.0,1,12.0,Cartão Crédito
1665,2026-01-19 14:18:45.096585,Tapioca Queijo com Presunto,16.0,2,32.0,Dinheiro
1395,2026-01-19 16:16:45.096585,Tapioca Romeu e Julieta,16.0,1,16.0,Cartão Débito
1311,2026-01-19 17:21:45.096585,Tapioca Carne Seca com Cheddar,20.0,1,20.0,Cartão Crédito
1893,2026-01-19 17:39:45.096585,Suco Laranja com Morango,8.0,3,24.0,Pix
1233,2026-01-19 17:53:45.096585,Tapioca Frango com Requeijao,20.0,2,40.0,Pix
1481,2026-01-19 18:15:45.096585,"Tapioca Queijo com Presunto, Calabresa e Cheddar",16.0,1,16.0,Cartão Débito
1808,2026-01-19 18:24:45.096585,Tapioca Calabresa com Cheddar,16.0,2,32.0,Cartão Débito
1726,2026-01-19 18:25:45.096585,Tapioca Carne Seca com Queijo,20.0,2,40.0,Cartão Crédito
1417,2026-01-19 18:37:45.096585,Adicional Queijo,4.0,1,4.0,Dinheiro
1225,2026-01-19 18:45:45.096585,Tapioca Carne Seca com Requeijao,22.0,1,22.0,Dinheiro
1376,2026-01-19 20:42:45.096585,Pao com Linguica,17.0,1,17.0,Cartão Crédito
1569,2026-01-19 21:15:45.096585,Tapioca Nutella,16.0,1,16.0,Cartão Débito
1263,2026-01-20 13:42:45.096585,Adicional Catupiry,3.0,1,3.0,Cartão Crédito
1965,2026-01-20 14:31:45.096585,Pao com Ovo e Bacon,9.0,1,9.0,Pix
1411,2026-01-20 14:53:45.096585,Tapioca Romeu e Julieta,16.0,1,16.0,Cartão Crédito
1975,2026-01-20 15:21:45.096585,Tapioca Bacon com Queijo e Requeijao,18.0,1,18.0,Cartão Débito
1454,2026-01-20 15:42:45.096585,"Pao com Ovo, Bacon e Queijo Coalho",12.0,1,12.0,Dinheiro
1047,2026-01-20 16:18:45.096585,Suco Abacaxi com Hortela e Gengibre,8.0,2,16.0,Cartão Crédito
1682,2026-01-20 16:28:45.096585,Suco Laranja,8.0,3,24.0,Pix
1731,2026-01-20 16:33:45.096585,Tapioca Queijo com Presunto,16.0,1,16.0,Dinheiro
1064,2026-01-20 16:50:45.096585,Vitamina Maracuja,15.0,1,15.0,Cartão Crédito
1021,2026-01-20 17:04:45.096585,Tapioca Romeu e Julieta,16.0,1,16.0,Cartão Crédito
1705,2026-01-20 17:19:45.096585,Salada de frutas,12.0,2,24.0,Dinheiro
1305,2026-01-20 17:27:45.096585,Suco Manga,8.0,1,8.0,Pix
1477,2026-01-20 17:33:45.096585,Fielzao,12.0,1,12.0,Cartão Débito
1007,2026-01-20 17:59:45.096585,Suco Abacaxi,8.0,2,16.0,Pix
1127,2026-01-20 18:39:45.096585,Misto Quente,6.0,2,12.0,Cartão Crédito
1248,2026-01-20 18:39:45.096585,Tapioca Calabresa com Cheddar,16.0,1,16.0,Dinheiro
1461,2026-01-20 18:42:45.096585,Adicional Calabresa,4.0,1,4.0,Pix
1629,2026-01-20 18:50:45.096585,Tapioca Romeu e Julieta,16.0,3,48.0,Cartão Crédito
1430,2026-01-20 19:12:45.096585,Suco Maracuja com Morango,8.0,1,8.0,Cartão Crédito
1653,2026-01-20 19:29:45.096585,Tapioca Frango com Catupiry,18.0,1,18.0,Dinheiro
1719,2026-01-20 19:42:45.096585,Tapioca Nutella,16.0,1,16.0,Pix
1204,2026-01-20 19:51:45.096585,Tapioca Carne Seca com Queijo,20.0,1,20.0,Cartão Crédito
1584,2026-01-20 20:19:45.096585,Tapioca Queijo com Presunto,16.0,1,16.0,Cartão Débito
1011,2026-01-20 20:26:45.096585,"Suco Beterraba com Cenoura, Laranja, Limao e Gengibre",8.0,1,8.0,Pix
1250,2026-01-20 20:34:45.096585,Adicional Calabresa,4.0,3,12.0,Pix
1085,2026-01-20 20:50:45.096585,Tapioca Frango com Requeijao,20.0,1,20.0,Dinheiro
1631,2026-01-21 14:18:45.096585,Tapioca Carne Seca com Catupiry,20.0,2,40.0,Cartão Débito
1083,2026-01-21 16:25:45.096585,Misto com Queijo e Peito de Peru,8.0,1,8.0,Cartão Débito
1949,2026-01-21 16:48:45.096585,Tapioca Frango com Queijo,18.0,3,54.0,Cartão Débito
1542,2026-01-21 17:23:45.096585,Tapioca Romeu e Julieta,16.0,1,16.0,Cartão Débito
1538,2026-01-21 18:03:45.096585,"Tapioca Queijo com Presunto, Calabresa e Cheddar",16.0,1,16.0,Cartão Débito
1428,2026-01-21 18:05:45.096585,Suco Melancia,8.0,1,8.0,Cartão Débito
1925,2026-01-21 18:12:45.096585,Fielzao,12.0,1,12.0,Dinheiro
1290,2026-01-21 18:16:45.096585,Tapioca Queijo Branco com Peito de Peru,16.0,2,32.0,Cartão Crédito
1844,2026-01-21 18:42:45.096585,Suco Manga,8.0,2,16.0,Cartão Crédito
1147,2026-01-21 19:01:45.096585,Tapioca Calabresa com Cheddar,16.0,3,48.0,Cartão Débito
1997,2026-01-21 19:36:45.096585,Suco Manga,8.0,1,8.0,Pix
1953,2026-01-21 19:41:45.096585,Misto Quente,6.0,1,6.0,Cartão Crédito
1195,2026-01-21 19:59:45.096585,Tapioca Bacon com Ovos e Queijo,18.0,1,18.0,Cartão Crédito
1371,2026-01-21 20:16:45.096585,Suco Laranja com Couve e Hortela,8.0,2,16.0,Pix
1163,2026-01-21 20:45:45.096585,Vitamina Abacate,15.0,1,15.0,Dinheiro
1852,2026-01-21 20:49:45.096585,Adicional Bacon,4.0,3,12.0,Cartão Débito
1027,2026-01-21 21:40:45.096585,Vitamina Maracuja,15.0,1,15.0,Pix
1985,2026-01-21 22:08:45.096585,Suco Laranja,8.0,1,8.0,Cartão Débito
1915,2026-01-22 11:27:45.096585,"Pao com Ovo, Bacon e Queijo Coalho",12.0,1,12.0,Dinheiro
1166,2026-01-22 14:47:45.096585,Suco Goiaba,8.0,2,16.0,Cartão Crédito
1432,2026-01-22 15:38:45.096585,Adicional Requeijão,4.0,1,4.0,Cartão Débito
1142,2026-01-22 15:39:45.096585,Tapioca Nutella,16.0,3,48.0,Cartão Débito
1845,2026-01-22 16:04:45.096585,Tapioca Carne Seca com Queijo,20.0,3,60.0,Cartão Crédito
1487,2026-01-22 16:12:45.096585,Tapioca Carne Seca com Queijo,20.0,1,20.0,Pix
1265,2026-01-22 16:37:45.096585,Sanduiche Natural,12.0,2,24.0,Dinheiro
1421,2026-01-22 16:40:45.096585,Tapioca Frango com Queijo,18.0,1,18.0,Pix
1377,2026-01-22 16:54:45.096585,Tapioca Nutella,16.0,1,16.0,Cartão Crédito
1282,2026-01-22 17:05:45.096585,Suco Laranja com Acerola,8.0,1,8.0,Dinheiro
1803,2026-01-22 17:11:45.096585,Tapioca Queijo Branco com Peito de Peru,16.0,2,32.0,Cartão Crédito
1545,2026-01-22 17:18:45.096585,Tapioca Carne Seca com Catupiry,20.0,2,40.0,Cartão Débito
1910,2026-01-22 17:39:45.096585,Suco Laranja com Morango,8.0,1,8.0,Cartão Crédito
1066,2026-01-22 18:06:45.096585,Tapioca Carne Seca com Cheddar,20.0,1,20.0,Cartão Débito
1038,2026-01-22 18:12:45.096585,Suco Maracuja,8.0,1,8.0,Cartão Crédito
1148,2026-01-22 18:35:45.096585,Suco Laranja com Morango,8.0,3,24.0,Dinheiro
1004,2026-01-22 19:15:45.096585,"Tapioca Queijo com Presunto, Calabresa e Cheddar",16.0,1,16.0,Cartão Débito
1773,2026-01-22 19:50:45.096585,Adicional Calabresa,4.0,1,4.0,Cartão Débito
1179,2026-01-22 20:47:45.096585,"Pao com Ovo, Bacon e Queijo Coalho",12.0,3,36.0,Cartão Crédito
1234,2026-01-22 21:02:45.096585,Suco Laranja,8.0,2,16.0,Cartão Crédito
1527,2026-01-22 21:03:45.096585,Sanduiche Natural,12.0,3,36.0,Dinheiro
1564,2026-01-22 21:58:45.096585,Misto Quente,6.0,1,6.0,Pix
1101,2026-01-22 22:02:45.096585,Adicional Ovo,2.0,1,2.0,Dinheiro
1886,2026-01-23 14:51:45.096585,Tapioca Coco com Leite Condensado,16.0,2,32.0,Cartão Débito
1412,2026-01-23 16:17:45.096585,Vitamina Banana com Aveia,15.0,1,15.0,Cartão Crédito
1052,2026-01-23 17:23:45.096585,Tapioca Calabresa com Cheddar,16.0,1,16.0,Cartão Débito
1959,2026-01-23 17:46:45.096585,Adicional Bacon,4.0,1,4.0,Dinheiro
1615,2026-01-23 17:59:45.096585,Suco Laranja com Acerola,8.0,1,8.0,Pix
1866,2026-01-23 18:13:45.096585,Suco Maracuja com Morango,8.0,1,8.0,Pix
1261,2026-01-23 19:53:45.096585,Sanduiche Natural,12.0,1,12.0,Cartão Crédito
1307,2026-01-23 21:34:45.096585,Adicional Ovo,2.0,3,6.0,Pix
1758,2026-01-23 22:00:45.096585,Tapioca Calabresa com Cheddar,16.0,1,16.0,Cartão Crédito
1994,2026-01-23 22:04:45.096585,Suco Maracuja,8.0,1,8.0,Dinheiro
1466,2026-01-24 14:29:45.096585,Adicional Ovo,2.0,1,2.0,Cartão Débito
1043,2026-01-24 14:33:45.096585,Tapioca Nutella com Oreo,17.0,1,17.0,Cartão Débito
1255,2026-01-24 15:38:45.096585,Tapioca Queijo Branco com Peito de Peru,16.0,1,16.0,Dinheiro
1295,2026-01-24 15:39:45.096585,Vitamina Morango,15.0,1,15.0,Pix
1941,2026-01-24 15:42:45.096585,Adicional Catupiry,3.0,1,3.0,Cartão Débito
1936,2026-01-24 16:13:45.096585,Suco Goiaba,8.0,1,8.0,Pix
1490,2026-01-24 16:24:45.096585,"Suco Beterraba com Cenoura, Laranja, Limao e Gengibre",8.0,1,8.0,Pix
1450,2026-01-24 17:15:45.096585,Tapioca Carne Seca com Requeijao,22.0,2,44.0,Cartão Crédito
1025,2026-01-24 18:06:45.096585,Salada de frutas,12.0,1,12.0,Cartão Débito
1401,2026-01-24 18:38:45.096585,Pao com Linguica,17.0,2,34.0,Cartão Crédito
1810,2026-01-24 19:08:45.096585,Misto com Queijo e Peito de Peru,8.0,1,8.0,Cartão Crédito
1577,2026-01-24 19:30:45.096585,Tapioca Carne Seca com Catupiry,20.0,1,20.0,Cartão Débito
1228,2026-01-24 19:33:45.096585,Tapioca Romeu e Julieta,16.0,1,16.0,Cartão Débito
1497,2026-01-24 20:24:45.096585,Tapioca Carne Seca com Queijo,20.0,3,60.0,Cartão Débito
1586,2026-01-24 20:57:45.096585,Misto Quente,6.0,2,12.0,Cartão Crédito
1795,2026-01-24 21:10:45.096585,Misto com Queijo e Peito de Peru,8.0,1,8.0,Cartão Débito
1400,2026-01-24 21:24:45.096585,Adicional Bacon,4.0,2,8.0,Cartão Débito
1578,2026-01-24 21:38:45.096585,Suco Goiaba,8.0,1,8.0,Pix
1362,2026-01-25 11:55:45.096585,Adicional Calabresa,4.0,1,4.0,Pix
1823,2026-01-25 13:45:45.096585,Adicional Catupiry,3.0,2,6.0,Cartão Débito
1995,2026-01-25 15:23:45.096585,Suco Abacaxi,8.0,3,24.0,Pix
1928,2026-01-25 15:42:45.096585,Misto com Queijo e Peito de Peru,8.0,3,24.0,Pix
1016,2026-01-25 15:42:45.096585,Tapioca Carne Seca com Catupiry,20.0,1,20.0,Pix
1864,2026-01-25 15:46:45.096585,Suco Limao,8.0,1,8.0,Cartão Débito
1820,2026-01-25 17:19:45.096585,Tapioca Nutella,16.0,3,48.0,Dinheiro
1753,2026-01-25 17:42:45.096585,Pao com Ovo e Bacon,9.0,1,9.0,Dinheiro
1342,2026-01-25 17:42:45.096585,"Suco Beterraba com Cenoura, Laranja, Limao e Gengibre",8.0,1,8.0,Cartão Débito
1600,2026-01-25 18:13:45.096585,Tapioca Carne Seca com Queijo,20.0,1,20.0,Dinheiro
1073,2026-01-25 18:32:45.096585,Adicional Calabresa,4.0,1,4.0,Dinheiro
1614,2026-01-25 19:26:45.096585,"Pao com Ovo, Bacon e Queijo Coalho",12.0,1,12.0,Cartão Crédito
1587,2026-01-25 19:31:45.096585,Tapioca Coco com Leite Condensado,16.0,2,32.0,Cartão Crédito
1683,2026-01-25 20:11:45.096585,Suco Maracuja com Morango,8.0,3,24.0,Cartão Crédito
1892,2026-01-25 20:23:45.096585,Tapioca Frango com Queijo,18.0,3,54.0,Cartão Débito
1659,2026-01-25 21:00:45.096585,Vitamina Maracuja,15.0,1,15.0,Cartão Crédito
1558,2026-01-25 21:47:45.096585,Suco Melancia,8.0,2,16.0,Cartão Débito
1321,2026-01-25 22:11:45.096585,Pao com Ovo e Bacon,9.0,3,27.0,Cartão Crédito
1103,2026-01-26 14:33:45.096585,Tapioca Frango com Queijo,18.0,1,18.0,Cartão Crédito
1977,2026-01-26 16:02:45.096585,Adicional Bacon,4.0,1,4.0,Cartão Débito
1791,2026-01-26 16:36:45.096585,Suco Abacaxi,8.0,1,8.0,Cartão Débito
1210,2026-01-26 16:42:45.096585,Adicional Queijo,4.0,1,4.0,Cartão Débito
1868,2026-01-26 16:54:45.096585,"Tapioca Queijo com Presunto, Calabresa e Cheddar",16.0,3,48.0,Dinheiro
1798,2026-01-26 17:01:45.096585,Tapioca Carne Seca com Cheddar,20.0,1,20.0,Pix
1120,2026-01-26 17:19:45.096585,Tapioca Nutella com Oreo,17.0,1,17.0,Cartão Crédito
1266,2026-01-26 17:42:45.096585,Vitamina Abacate,15.0,1,15.0,Cartão Débito
1019,2026-01-26 18:19:45.096585,Suco Abacaxi,8.0,2,16.0,Cartão Crédito
1361,2026-01-26 19:51:45.096585,Suco Manga,8.0,1,8.0,Dinheiro
1096,2026-01-26 20:07:45.096585,Tapioca Coco com Leite Condensado,16.0,2,32.0,Cartão Débito
1501,2026-01-26 20:53:45.096585,Tapioca Carne Seca com Catupiry,20.0,1,20.0,Cartão Débito
1663,2026-01-26 22:04:45.096585,Tapioca Calabresa com Queijo,16.0,1,16.0,Dinheiro
1535,2026-01-26 22:08:45.096585,Tapioca Carne Seca com Requeijao,22.0,1,22.0,Cartão Crédito
1335,2026-01-27 13:56:45.096585,Misto com Ovo,10.0,1,10.0,Cartão Débito
1067,2026-01-27 14:21:45.096585,Misto com Queijo e Peito de Peru,8.0,1,8.0,Dinheiro
1212,2026-01-27 15:51:45.096585,"Tapioca Queijo com Presunto, Calabresa e Cheddar",16.0,3,48.0,Dinheiro
1943,2026-01-27 16:18:45.096585,Tapioca Calabresa com Queijo,16.0,1,16.0,Cartão Crédito
1197,2026-01-27 16:19:45.096585,Suco Melancia,8.0,1,8.0,Cartão Débito
1846,2026-01-27 16:31:45.096585,Tapioca Coco com Leite Condensado,16.0,1,16.0,Cartão Débito
1154,2026-01-27 17:24:45.096585,Suco Laranja com Acerola,8.0,1,8.0,Cartão Débito
1521,2026-01-27 17:28:45.096585,"Pao com Ovo, Bacon e Queijo Coalho",12.0,2,24.0,Cartão Crédito
1610,2026-01-27 17:54:45.096585,Tapioca Coco com Leite Condensado,16.0,1,16.0,Cartão Crédito
1759,2026-01-27 18:03:45.096585,Tapioca Carne Seca com Queijo,20.0,2,40.0,Cartão Crédito
1621,2026-01-27 18:12:45.096585,Suco Laranja com Couve e Hortela,8.0,1,8.0,Cartão Débito
1306,2026-01-27 18:18:45.096585,Suco Maracuja,8.0,1,8.0,Dinheiro
1475,2026-01-27 18:27:45.096585,Pao com Linguica,17.0,1,17.0,Cartão Débito
1065,2026-01-27 19:02:45.096585,Suco Limao com Inhame,8.0,1,8.0,Pix
1643,2026-01-27 19:12:45.096585,Tapioca Bacon com Queijo e Requeijao,18.0,1,18.0,Dinheiro
1165,2026-01-27 19:29:45.096585,Suco Laranja com Acerola,8.0,1,8.0,Cartão Crédito
1114,2026-01-27 19:41:45.096585,Tapioca Nutella,16.0,2,32.0,Pix
1387,2026-01-27 20:30:45.096585,Tapioca Calabresa com Queijo,16.0,1,16.0,Cartão Débito
1247,2026-01-27 20:38:45.096585,Vitamina Abacate,15.0,1,15.0,Pix
1182,2026-01-27 21:26:45.096585,Suco Manga,8.0,1,8.0,Cartão Débito
1800,2026-01-28 14:17:45.096585,Misto com Ovo,10.0,1,10.0,Cartão Crédito
1767,2026-01-28 15:08:45.096585,Tapioca Carne Seca com Cheddar,20.0,1,20.0,Dinheiro
1326,2026-01-28 15:26:45.096585,Tapioca Frango com Cheddar,18.0,2,36.0,Dinheiro
1862,2026-01-28 17:27:45.096585,Suco Abacaxi,8.0,1,8.0,Dinheiro
1150,2026-01-28 17:27:45.096585,Salada de frutas,12.0,1,12.0,Pix
1117,2026-01-28 17:44:45.096585,"Tapioca Queijo com Presunto, Calabresa e Cheddar",16.0,1,16.0,Cartão Crédito
1772,2026-01-28 17:48:45.096585,Tapioca Nutella,16.0,3,48.0,Cartão Crédito
1727,2026-01-28 18:02:45.096585,"Tapioca Queijo com Presunto, Calabresa e Cheddar",16.0,1,16.0,Cartão Crédito
1488,2026-01-28 18:02:45.096585,Suco Laranja com Couve e Hortela,8.0,1,8.0,Cartão Crédito
1314,2026-01-28 18:26:45.096585,Vitamina Banana com Aveia,15.0,2,30.0,Cartão Débito
1617,2026-01-28 18:40:45.096585,Adicional Queijo,4.0,1,4.0,Cartão Débito
1968,2026-01-28 18:49:45.096585,Suco Maracuja com Morango,8.0,1,8.0,Dinheiro
1464,2026-01-28 19:21:45.096585,Tapioca Nutella com Oreo,17.0,2,34.0,Pix
1623,2026-01-28 19:32:45.096585,Tapioca Carne Seca com Catupiry,20.0,1,20.0,Pix
1092,2026-01-28 19:45:45.096585,Suco Limao,8.0,3,24.0,Cartão Débito
1640,2026-01-28 20:02:45.096585,Suco Limao com Inhame,8.0,1,8.0,Cartão Débito
1777,2026-01-28 20:59:45.096585,Tapioca Queijo com Presunto,16.0,1,16.0,Dinheiro
1252,2026-01-28 21:13:45.096585,Adicional Ovo,2.0,2,4.0,Pix
1121,2026-01-28 21:22:45.096585,Adicional Queijo,4.0,3,12.0,Pix
1251,2026-01-28 22:00:45.096585,Tapioca Coco com Leite Condensado,16.0,3,48.0,Pix
1418,2026-01-28 22:05:45.096585,Suco Laranja com Morango,8.0,1,8.0,Pix
1199,2026-01-29 14:29:45.096585,Suco Limao com Inhame,8.0,3,24.0,Dinheiro
1087,2026-01-29 15:15:45.096585,Pao com Linguica,17.0,3,51.0,Dinheiro
1895,2026-01-29 16:40:45.096585,Tapioca Queijo Branco com Peito de Peru,16.0,1,16.0,Cartão Crédito
1669,2026-01-29 18:24:45.096585,Tapioca Nutella com Oreo,17.0,1,17.0,Dinheiro
1340,2026-01-29 19:26:45.096585,Tapioca Carne Seca com Requeijao,22.0,1,22.0,Cartão Débito
1288,2026-01-29 20:29:45.096585,Tapioca Carne Seca com Requeijao,22.0,1,22.0,Dinheiro
1162,2026-01-29 20:57:45.096585,Adicional Catupiry,3.0,2,6.0,Dinheiro
1511,2026-01-30 13:37:45.096585,Tapioca Frango com Cheddar,18.0,1,18.0,Pix
1208,2026-01-30 15:36:45.096585,Tapioca Frango com Catupiry,18.0,3,54.0,Cartão Débito
1470,2026-01-30 15:53:45.096585,Suco Melancia,8.0,1,8.0,Dinheiro
1336,2026-01-30 17:17:45.096585,Tapioca Bacon com Ovos e Queijo,18.0,3,54.0,Pix
1754,2026-01-30 17:30:45.096585,Tapioca Bacon com Queijo e Requeijao,18.0,1,18.0,Pix
1254,2026-01-30 17:53:45.096585,Adicional Requeijão,4.0,2,8.0,Dinheiro
1242,2026-01-30 17:58:45.096585,Suco Limao com Inhame,8.0,1,8.0,Dinheiro
1884,2026-01-30 18:23:45.096585,Salada de frutas,12.0,1,12.0,Pix
1300,2026-01-30 18:43:45.096585,Suco Laranja com Acerola,8.0,2,16.0,Cartão Crédito
1352,2026-01-30 18:52:45.096585,Tapioca Carne Seca com Queijo,20.0,2,40.0,Pix
1937,2026-01-30 19:46:45.096585,Tapioca Queijo com Presunto,16.0,2,32.0,Dinheiro
1920,2026-01-30 20:32:45.096585,Tapioca Calabresa com Queijo,16.0,1,16.0,Cartão Débito
1922,2026-01-30 21:01:45.096585,Misto com Ovo,10.0,1,10.0,Pix
1974,2026-01-30 21:11:45.096585,Pao com Linguica,17.0,1,17.0,Cartão Débito
1137,2026-01-30 21:21:45.096585,Tapioca Bacon com Queijo e Requeijao,18.0,1,18.0,Dinheiro
1331,2026-01-30 21:51:45.096585,Adicional Catupiry,3.0,2,6.0,Pix
1499,2026-01-31 14:42:45.096585,Misto com Ovo,10.0,1,10.0,Cartão Crédito
1882,2026-01-31 16:46:45.096585,Vitamina Maracuja,15.0,3,45.0,Dinheiro
1760,2026-01-31 16:50:45.096585,Suco Melancia,8.0,1,8.0,Cartão Débito
1313,2026-01-31 17:33:45.096585,Tapioca Frango com Cheddar,18.0,1,18.0,Cartão Crédito
1405,2026-01-31 17:58:45.096585,Adicional Bacon,4.0,2,8.0,Cartão Débito
1124,2026-01-31 18:01:45.096585,Tapioca Queijo Branco com Peito de Peru,16.0,1,16.0,Dinheiro
1568,2026-01-31 18:42:45.096585,Suco Laranja,8.0,1,8.0,Dinheiro
1555,2026-01-31 19:19:45.096585,Tapioca Queijo com Presunto,16.0,1,16.0,Dinheiro
1040,2026-01-31 19:34:45.096585,Pao com Linguica,17.0,2,34.0,Cartão Débito
1950,2026-01-31 19:52:45.096585,Misto Quente,6.0,3,18.0,Pix
1181,2026-01-31 20:30:45.096585,Tapioca Carne Seca com Cheddar,20.0,1,20.0,Pix
1359,2026-01-31 20:55:45.096585,Tapioca Calabresa com Queijo,16.0,1,16.0,Dinheiro
1593,2026-01-31 21:00:45.096585,"Suco Beterraba com Cenoura, Laranja, Limao e Gengibre",8.0,1,8.0,Pix
1880,2026-01-31 21:44:45.096585,Suco Abacaxi com Hortela e Gengibre,8.0,2,16.0,Cartão Crédito
1485,2026-01-31 21:55:45.096585,Vitamina Morango,15.0,2,30.0,Cartão Débito
1559,2026-02-01 14:05:45.096585,Adicional Bacon,4.0,1,4.0,Cartão Crédito
1037,2026-02-01 14:42:45.096585,Suco Laranja com Acerola,8.0,1,8.0,Cartão Crédito
1372,2026-02-01 14:55:45.096585,Tapioca Carne Seca com Requeijao,22.0,1,22.0,Cartão Débito
1566,2026-02-01 17:25:45.096585,Adicional Requeijão,4.0,1,4.0,Pix
1069,2026-02-01 17:37:45.096585,Tapioca Carne Seca com Requeijao,22.0,1,22.0,Dinheiro
1393,2026-02-01 17:50:45.096585,Fielzao,12.0,2,24.0,Dinheiro
1191,2026-02-01 17:52:45.096585,Suco Laranja com Couve e Hortela,8.0,1,8.0,Pix
1818,2026-02-01 18:11:45.096585,Pao com Ovo e Bacon,9.0,1,9.0,Pix
1183,2026-02-01 18:29:45.096585,Adicional Calabresa,4.0,1,4.0,Dinheiro
1519,2026-02-01 18:36:45.096585,Tapioca Frango com Catupiry,18.0,2,36.0,Cartão Débito
1102,2026-02-01 18:40:45.096585,Vitamina Morango,15.0,1,15.0,Cartão Crédito
1167,2026-02-01 18:48:45.096585,Tapioca Frango com Requeijao,20.0,3,60.0,Pix
1152,2026-02-01 19:13:45.096585,Suco Laranja com Couve e Hortela,8.0,3,24.0,Cartão Débito
1458,2026-02-01 19:16:45.096585,Tapioca Queijo com Presunto,16.0,1,16.0,Cartão Crédito
1761,2026-02-01 20:42:45.096585,Tapioca Frango com Queijo,18.0,1,18.0,Dinheiro
1547,2026-02-01 20:49:45.096585,Tapioca Carne Seca com Catupiry,20.0,1,20.0,Cartão Crédito
1853,2026-02-01 21:39:45.096585,Suco Abacaxi com Hortela e Gengibre,8.0,1,8.0,Cartão Crédito
1451,2026-02-01 22:02:45.096585,Adicional Requeijão,4.0,2,8.0,Cartão Crédito
1908,2026-02-02 14:21:45.096585,Misto Quente,6.0,1,6.0,Cartão Crédito
1713,2026-02-02 15:48:45.096585,Tapioca Bacon com Queijo e Requeijao,18.0,2,36.0,Dinheiro
1660,2026-02-02 16:28:45.096585,Tapioca Calabresa com Cheddar,16.0,1,16.0,Dinheiro
1256,2026-02-02 17:34:45.096585,Misto com Ovo,10.0,2,20.0,Cartão Débito
1222,2026-02-02 18:57:45.096585,Suco Maracuja,8.0,3,24.0,Pix
1536,2026-02-02 19:16:45.096585,Tapioca Frango com Queijo,18.0,1,18.0,Dinheiro
1812,2026-02-02 19:20:45.096585,Adicional Bacon,4.0,1,4.0,Cartão Débito
1446,2026-02-02 19:39:45.096585,Tapioca Coco com Leite Condensado,16.0,1,16.0,Cartão Débito
1830,2026-02-02 19:59:45.096585,Vitamina Banana com Aveia,15.0,1,15.0,Pix
1596,2026-02-02 20:06:45.096585,Tapioca Calabresa com Cheddar,16.0,1,16.0,Cartão Crédito
1140,2026-02-02 20:48:45.096585,Suco Limao,8.0,2,16.0,Pix
1534,2026-02-02 21:24:45.096585,Vitamina Abacate,15.0,2,30.0,Cartão Crédito
1887,2026-02-02 21:27:45.096585,Tapioca Queijo Branco com Peito de Peru,16.0,2,32.0,Cartão Crédito
1369,2026-02-03 14:01:45.096585,"Suco Beterraba com Cenoura, Laranja, Limao e Gengibre",8.0,1,8.0,Cartão Débito
1218,2026-02-03 14:29:45.096585,Tapioca Nutella com Oreo,17.0,2,34.0,Cartão Crédito
1797,2026-02-03 14:41:45.096585,Tapioca Carne Seca com Catupiry,20.0,1,20.0,Cartão Crédito
1837,2026-02-03 16:37:45.096585,Tapioca Queijo com Presunto,16.0,3,48.0,Pix
1269,2026-02-03 16:57:45.096585,Tapioca Bacon com Ovos e Queijo,18.0,1,18.0,Dinheiro
1618,2026-02-03 17:00:45.096585,Misto Quente,6.0,1,6.0,Dinheiro
1571,2026-02-03 18:01:45.096585,Misto com Queijo e Peito de Peru,8.0,2,16.0,Cartão Crédito
1946,2026-02-03 18:02:45.096585,Sanduiche Natural,12.0,1,12.0,Cartão Crédito
1987,2026-02-03 19:26:45.096585,Adicional Bacon,4.0,2,8.0,Pix
1809,2026-02-03 20:09:45.096585,Salada de frutas,12.0,1,12.0,Cartão Débito
1678,2026-02-03 20:21:45.096585,Fielzao,12.0,2,24.0,Cartão Débito
1590,2026-02-03 20:59:45.096585,Salada de frutas,12.0,1,12.0,Cartão Crédito
1619,2026-02-03 21:15:45.096585,Adicional Queijo,4.0,1,4.0,Cartão Débito
1745,2026-02-03 21:52:45.096585,Tapioca Calabresa com Cheddar,16.0,1,16.0,Cartão Crédito
1601,2026-02-03 22:11:45.096585,Tapioca Carne Seca com Cheddar,20.0,1,20.0,Pix
1273,2026-02-04 13:39:45.096585,Adicional Calabresa,4.0,2,8.0,Cartão Débito
1533,2026-02-04 14:03:45.096585,Suco Goiaba,8.0,1,8.0,Cartão Débito
1589,2026-02-04 14:58:45.096585,Tapioca Frango com Queijo,18.0,3,54.0,Pix
1783,2026-02-04 15:21:45.096585,Adicional Ovo,2.0,2,4.0,Cartão Débito
1556,2026-02-04 15:25:45.096585,"Pao com Ovo, Bacon e Queijo Coalho",12.0,3,36.0,Cartão Débito
1805,2026-02-04 16:12:45.096585,Sanduiche Natural,12.0,2,24.0,Cartão Débito
1347,2026-02-04 16:39:45.096585,Suco Melancia,8.0,1,8.0,Pix
1605,2026-02-04 16:41:45.096585,Tapioca Queijo Branco com Peito de Peru,16.0,1,16.0,Cartão Crédito
1456,2026-02-04 17:17:45.096585,Adicional Requeijão,4.0,1,4.0,Cartão Crédito
1857,2026-02-04 17:44:45.096585,Misto Quente,6.0,2,12.0,Cartão Débito
1413,2026-02-04 18:01:45.096585,Vitamina Maracuja,15.0,1,15.0,Cartão Crédito
1986,2026-02-04 18:11:45.096585,Salada de frutas,12.0,3,36.0,Dinheiro
1457,2026-02-04 19:02:45.096585,Adicional Ovo,2.0,1,2.0,Cartão Crédito
1979,2026-02-04 19:03:45.096585,Tapioca Carne Seca com Catupiry,20.0,2,40.0,Dinheiro
1479,2026-02-04 19:13:45.096585,Vitamina Abacate,15.0,1,15.0,Cartão Débito
1825,2026-02-04 19:15:45.096585,Pao com Ovo e Bacon,9.0,1,9.0,Cartão Crédito
1627,2026-02-04 19:32:45.096585,Vitamina Maracuja,15.0,3,45.0,Dinheiro
1896,2026-02-04 19:33:45.096585,Suco Laranja,8.0,1,8.0,Cartão Débito
1055,2026-02-04 19:49:45.096585,Tapioca Calabresa com Cheddar,16.0,1,16.0,Dinheiro
1259,2026-02-04 20:43:45.096585,"Pao com Ovo, Bacon e Queijo Coalho",12.0,1,12.0,Cartão Débito
1725,2026-02-04 20:55:45.096585,Adicional Cheddar,3.0,1,3.0,Cartão Débito
1747,2026-02-04 21:20:45.096585,Misto Quente,6.0,1,6.0,Cartão Débito
1180,2026-02-04 21:35:45.096585,Vitamina Abacate,15.0,1,15.0,Cartão Débito
1491,2026-02-05 12:53:45.096585,Adicional Bacon,4.0,2,8.0,Pix
1298,2026-02-05 14:10:45.096585,Adicional Catupiry,3.0,1,3.0,Pix
1399,2026-02-05 14:31:45.096585,Tapioca Bacon com Queijo e Requeijao,18.0,2,36.0,Cartão Crédito
1956,2026-02-05 14:38:45.096585,Adicional Bacon,4.0,3,12.0,Pix
1540,2026-02-05 15:28:45.096585,Suco Goiaba,8.0,1,8.0,Pix
1473,2026-02-05 15:53:45.096585,Misto com Queijo e Peito de Peru,8.0,1,8.0,Pix
1622,2026-02-05 17:39:45.096585,Tapioca Frango com Catupiry,18.0,3,54.0,Pix
1702,2026-02-05 17:42:45.096585,Misto Quente,6.0,2,12.0,Cartão Crédito
1874,2026-02-05 18:25:45.096585,Adicional Queijo,4.0,1,4.0,Cartão Débito
1350,2026-02-05 18:54:45.096585,Adicional Calabresa,4.0,2,8.0,Dinheiro
1815,2026-02-05 19:13:45.096585,Tapioca Frango com Cheddar,18.0,1,18.0,Dinheiro
1668,2026-02-05 19:29:45.096585,Tapioca Bacon com Ovos e Queijo,18.0,2,36.0,Cartão Crédito
1453,2026-02-05 19:30:45.096585,Adicional Catupiry,3.0,1,3.0,Dinheiro
1695,2026-02-05 19:54:45.096585,Suco Limao com Inhame,8.0,1,8.0,Cartão Crédito
1063,2026-02-05 19:55:45.096585,Tapioca Calabresa com Cheddar,16.0,1,16.0,Cartão Débito
1374,2026-02-05 20:59:45.096585,Tapioca Nutella,16.0,2,32.0,Cartão Crédito
1918,2026-02-05 21:23:45.096585,Pao com Ovo e Bacon,9.0,1,9.0,Cartão Débito
1649,2026-02-05 21:42:45.096585,Tapioca Coco com Leite Condensado,16.0,1,16.0,Dinheiro
1996,2026-02-05 21:58:45.096585,Suco Goiaba,8.0,1,8.0,Cartão Débito
1530,2026-02-06 14:40:45.096585,Suco Laranja com Couve e Hortela,8.0,1,8.0,Pix
1969,2026-02-06 15:12:45.096585,Tapioca Calabresa com Queijo,16.0,3,48.0,Pix
1576,2026-02-06 15:34:45.096585,Pao com Linguica,17.0,2,34.0,Dinheiro
1287,2026-02-06 15:55:45.096585,Tapioca Nutella,16.0,1,16.0,Pix
1281,2026-02-06 16:42:45.096585,Suco Abacaxi,8.0,2,16.0,Cartão Crédito
1099,2026-02-06 17:41:45.096585,Tapioca Calabresa com Queijo,16.0,1,16.0,Pix
1097,2026-02-06 18:10:45.096585,"Pao com Ovo, Bacon e Queijo Coalho",12.0,1,12.0,Cartão Débito
1666,2026-02-06 18:23:45.096585,Tapioca Carne Seca com Requeijao,22.0,2,44.0,Cartão Crédito
1861,2026-02-06 18:52:45.096585,Suco Laranja,8.0,2,16.0,Cartão Débito
1771,2026-02-06 19:21:45.096585,Vitamina Banana com Aveia,15.0,3,45.0,Pix
1983,2026-02-06 20:45:45.096585,Suco Laranja,8.0,3,24.0,Cartão Crédito
1051,2026-02-06 21:27:45.096585,Misto com Queijo e Peito de Peru,8.0,3,24.0,Cartão Débito
1523,2026-02-06 21:57:45.096585,Adicional Bacon,4.0,2,8.0,Pix
1388,2026-02-07 12:37:45.096585,Adicional Requeijão,4.0,1,4.0,Dinheiro
1370,2026-02-07 14:45:45.096585,Suco Maracuja,8.0,1,8.0,Dinheiro
1924,2026-02-07 15:43:45.096585,Suco Maracuja com Morango,8.0,1,8.0,Cartão Crédito
1115,2026-02-07 15:54:45.096585,Suco Maracuja com Morango,8.0,1,8.0,Dinheiro
1843,2026-02-07 15:57:45.096585,Pao com Linguica,17.0,1,17.0,Dinheiro
1048,2026-02-07 16:17:45.096585,Tapioca Bacon com Ovos e Queijo,18.0,1,18.0,Pix
1580,2026-02-07 16:54:45.096585,Suco Manga,8.0,1,8.0,Cartão Débito
1648,2026-02-07 17:24:45.096585,Suco Laranja com Couve e Hortela,8.0,1,8.0,Cartão Débito
1310,2026-02-07 17:38:45.096585,Vitamina Maracuja,15.0,2,30.0,Pix
1565,2026-02-07 17:45:45.096585,Adicional Calabresa,4.0,1,4.0,Cartão Débito
1334,2026-02-07 18:05:45.096585,Tapioca Frango com Cheddar,18.0,1,18.0,Cartão Débito
1871,2026-02-07 19:15:45.096585,Tapioca Carne Seca com Catupiry,20.0,1,20.0,Dinheiro
1715,2026-02-07 19:55:45.096585,Tapioca Frango com Cheddar,18.0,2,36.0,Cartão Crédito
1528,2026-02-07 20:54:45.096585,Misto Quente,6.0,1,6.0,Cartão Débito
1838,2026-02-07 21:19:45.096585,Tapioca Queijo com Presunto,16.0,1,16.0,Cartão Crédito
1879,2026-02-07 21:22:45.096585,Suco Limao com Inhame,8.0,3,24.0,Dinheiro
1980,2026-02-08 16:00:45.096585,Suco Maracuja com Morango,8.0,1,8.0,Dinheiro
1324,2026-02-08 16:32:45.096585,Tapioca Nutella,16.0,2,32.0,Pix
1989,2026-02-08 17:45:45.096585,Misto com Queijo e Peito de Peru,8.0,1,8.0,Cartão Crédito
1482,2026-02-08 17:48:45.096585,Tapioca Nutella,16.0,2,32.0,Cartão Crédito
1774,2026-02-08 18:00:45.096585,Suco Limao,8.0,1,8.0,Cartão Débito
1675,2026-02-08 18:05:45.096585,Suco Laranja com Couve e Hortela,8.0,2,16.0,Cartão Crédito
1112,2026-02-08 18:43:45.096585,Misto com Queijo e Peito de Peru,8.0,2,16.0,Cartão Crédito
1819,2026-02-08 19:01:45.096585,"Suco Beterraba com Cenoura, Laranja, Limao e Gengibre",8.0,1,8.0,Dinheiro
1135,2026-02-08 19:19:45.096585,Tapioca Calabresa com Queijo,16.0,2,32.0,Pix
1091,2026-02-08 19:32:45.096585,"Pao com Ovo, Bacon e Queijo Coalho",12.0,1,12.0,Pix
1059,2026-02-08 19:37:45.096585,Tapioca Frango com Requeijao,20.0,2,40.0,Cartão Débito
1098,2026-02-08 19:41:45.096585,"Suco Beterraba com Cenoura, Laranja, Limao e Gengibre",8.0,1,8.0,Dinheiro
1699,2026-02-08 20:14:45.096585,Tapioca Calabresa com Queijo,16.0,1,16.0,Pix
1476,2026-02-08 20:25:45.096585,Tapioca Carne Seca com Catupiry,20.0,1,20.0,Cartão Débito
1496,2026-02-08 20:27:45.096585,Sanduiche Natural,12.0,1,12.0,Dinheiro
1034,2026-02-08 21:14:45.096585,Misto Quente,6.0,1,6.0,Pix
1904,2026-02-08 21:20:45.096585,Adicional Catupiry,3.0,3,9.0,Dinheiro
1074,2026-02-09 14:30:45.096585,Vitamina Abacate,15.0,1,15.0,Pix
1746,2026-02-09 16:09:45.096585,Suco Laranja,8.0,1,8.0,Cartão Crédito
1650,2026-02-09 16:33:45.096585,Tapioca Bacon com Ovos e Queijo,18.0,2,36.0,Cartão Crédito
1424,2026-02-09 16:36:45.096585,Suco Abacaxi com Hortela e Gengibre,8.0,2,16.0,Cartão Débito
1264,2026-02-09 17:08:45.096585,Misto com Queijo e Peito de Peru,8.0,1,8.0,Pix
1283,2026-02-09 17:45:45.096585,"Tapioca Queijo com Presunto, Calabresa e Cheddar",16.0,2,32.0,Cartão Crédito
1044,2026-02-09 17:55:45.096585,Misto com Ovo,10.0,1,10.0,Pix
1494,2026-02-09 19:23:45.096585,Adicional Queijo,4.0,2,8.0,Cartão Crédito
1406,2026-02-09 19:58:45.096585,Tapioca Frango com Catupiry,18.0,3,54.0,Cartão Crédito
1599,2026-02-09 20:18:45.096585,Suco Maracuja com Morango,8.0,1,8.0,Cartão Débito
1716,2026-02-09 20:45:45.096585,Salada de frutas,12.0,1,12.0,Cartão Crédito
1292,2026-02-09 20:54:45.096585,Tapioca Carne Seca com Requeijao,22.0,1,22.0,Cartão Crédito
1744,2026-02-10 14:51:45.096585,Misto com Ovo,10.0,1,10.0,Dinheiro
1999,2026-02-10 15:33:45.096585,Suco Laranja com Morango,8.0,3,24.0,Cartão Débito
1923,2026-02-10 15:40:45.096585,Suco Limao com Inhame,8.0,1,8.0,Pix
1489,2026-02-10 15:51:45.096585,Tapioca Calabresa com Queijo,16.0,1,16.0,Cartão Débito
1935,2026-02-10 16:30:45.096585,Suco Melancia,8.0,1,8.0,Dinheiro
1704,2026-02-10 18:23:45.096585,Tapioca Romeu e Julieta,16.0,1,16.0,Cartão Débito
1927,2026-02-10 18:47:45.096585,Vitamina Maracuja,15.0,1,15.0,Cartão Débito
1498,2026-02-10 18:49:45.096585,"Pao com Ovo, Bacon e Queijo Coalho",12.0,2,24.0,Cartão Crédito
1690,2026-02-10 18:51:45.096585,Tapioca Nutella com Oreo,17.0,1,17.0,Pix
1504,2026-02-10 19:05:45.096585,Adicional Ovo,2.0,3,6.0,Dinheiro
1278,2026-02-10 19:59:45.096585,Misto com Ovo,10.0,2,20.0,Dinheiro
1170,2026-02-10 20:13:45.096585,Tapioca Romeu e Julieta,16.0,2,32.0,Cartão Crédito
1973,2026-02-10 20:38:45.096585,"Pao com Ovo, Bacon e Queijo Coalho",12.0,1,12.0,Cartão Crédito
1209,2026-02-10 20:44:45.096585,Tapioca Calabresa com Cheddar,16.0,1,16.0,Cartão Crédito
1001,2026-02-10 21:50:45.096585,Pao com Linguica,17.0,1,17.0,Cartão Débito
1390,2026-02-11 14:31:45.096585,Misto Quente,6.0,1,6.0,Pix
1630,2026-02-11 15:59:45.096585,Tapioca Calabresa com Cheddar,16.0,1,16.0,Cartão Débito
1338,2026-02-11 16:34:45.096585,Tapioca Carne Seca com Catupiry,20.0,1,20.0,Cartão Débito
1560,2026-02-11 17:24:45.096585,Suco Laranja com Morango,8.0,1,8.0,Pix
1171,2026-02-11 18:58:45.096585,Tapioca Calabresa com Cheddar,16.0,1,16.0,Dinheiro
1688,2026-02-11 20:55:45.096585,Tapioca Calabresa com Queijo,16.0,3,48.0,Cartão Débito
1749,2026-02-11 20:59:45.096585,Adicional Calabresa,4.0,3,12.0,Pix
1079,2026-02-11 21:21:45.096585,Tapioca Frango com Catupiry,18.0,1,18.0,Cartão Débito
1724,2026-02-11 21:40:45.096585,Tapioca Nutella com Oreo,17.0,2,34.0,Pix
1215,2026-02-12 12:21:45.096585,Tapioca Bacon com Ovos e Queijo,18.0,2,36.0,Cartão Crédito
1440,2026-02-12 13:25:45.096585,Pao com Linguica,17.0,1,17.0,Cartão Débito
1190,2026-02-12 14:01:45.096585,Sanduiche Natural,12.0,1,12.0,Cartão Crédito
1966,2026-02-12 16:19:45.096585,Suco Laranja com Acerola,8.0,2,16.0,Cartão Crédito
1817,2026-02-12 16:23:45.096585,Adicional Queijo,4.0,1,4.0,Pix
1921,2026-02-12 17:25:45.096585,Tapioca Bacon com Ovos e Queijo,18.0,1,18.0,Pix
1422,2026-02-12 17:58:45.096585,Adicional Ovo,2.0,1,2.0,Dinheiro
1529,2026-02-12 18:06:45.096585,Adicional Ovo,2.0,2,4.0,Dinheiro
1223,2026-02-12 18:42:45.096585,Tapioca Frango com Requeijao,20.0,1,20.0,Dinheiro
1729,2026-02-12 18:53:45.096585,Suco Abacaxi,8.0,1,8.0,Cartão Débito
1867,2026-02-12 19:06:45.096585,Suco Abacaxi,8.0,3,24.0,Cartão Crédito
1872,2026-02-12 19:42:45.096585,Suco Laranja com Acerola,8.0,2,16.0,Cartão Débito
1933,2026-02-12 20:03:45.096585,Tapioca Frango com Catupiry,18.0,1,18.0,Cartão Débito
1524,2026-02-12 20:30:45.096585,Suco Melancia,8.0,2,16.0,Cartão Débito
1207,2026-02-12 21:10:45.096585,Pao com Linguica,17.0,3,51.0,Cartão Crédito
1717,2026-02-12 21:39:45.096585,Suco Maracuja,8.0,1,8.0,Cartão Débito
1213,2026-02-13 10:46:45.096585,Tapioca Bacon com Ovos e Queijo,18.0,1,18.0,Dinheiro
1546,2026-02-13 11:34:45.096585,Tapioca Queijo Branco com Peito de Peru,16.0,1,16.0,Pix
1768,2026-02-13 14:31:45.096585,Tapioca Frango com Requeijao,20.0,1,20.0,Cartão Débito
1468,2026-02-13 15:44:45.096585,Suco Limao,8.0,1,8.0,Dinheiro
1003,2026-02-13 15:45:45.096585,Suco Goiaba,8.0,3,24.0,Pix
1990,2026-02-13 15:53:45.096585,Suco Laranja,8.0,1,8.0,Cartão Crédito
1634,2026-02-13 16:07:45.096585,Adicional Bacon,4.0,1,4.0,Cartão Débito
1042,2026-02-13 16:14:45.096585,Suco Laranja com Morango,8.0,1,8.0,Pix
1231,2026-02-13 16:37:45.096585,Tapioca Queijo com Presunto,16.0,1,16.0,Dinheiro
1495,2026-02-13 16:40:45.096585,Suco Abacaxi com Hortela e Gengibre,8.0,1,8.0,Cartão Crédito
1841,2026-02-13 17:21:45.096585,Suco Limao,8.0,2,16.0,Cartão Crédito
1957,2026-02-13 17:39:45.096585,Pao com Linguica,17.0,1,17.0,Cartão Crédito
1319,2026-02-13 17:45:45.096585,Tapioca Bacon com Queijo e Requeijao,18.0,1,18.0,Pix
1951,2026-02-13 17:54:45.096585,Tapioca Calabresa com Cheddar,16.0,1,16.0,Cartão Crédito
1164,2026-02-13 18:09:45.096585,Tapioca Carne Seca com Queijo,20.0,1,20.0,Cartão Débito
1036,2026-02-13 18:15:45.096585,"Pao com Ovo, Bacon e Queijo Coalho",12.0,1,12.0,Cartão Crédito
1360,2026-02-13 18:18:45.096585,Suco Limao com Inhame,8.0,1,8.0,Pix
1441,2026-02-13 18:52:45.096585,Vitamina Abacate,15.0,1,15.0,Dinheiro
1594,2026-02-13 19:31:45.096585,Suco Goiaba,8.0,1,8.0,Dinheiro
1459,2026-02-13 19:45:45.096585,Pao com Ovo e Bacon,9.0,1,9.0,Cartão Débito
1930,2026-02-13 20:20:45.096585,Suco Laranja,8.0,1,8.0,Dinheiro
1010,2026-02-13 20:53:45.096585,Tapioca Coco com Leite Condensado,16.0,2,32.0,Cartão Débito
1106,2026-02-13 21:32:45.096585,Sanduiche Natural,12.0,1,12.0,Cartão Débito
1332,2026-02-13 21:58:45.096585,Tapioca Frango com Requeijao,20.0,3,60.0,Cartão Débito
1177,2026-02-13 22:11:45.096585,Adicional Queijo,4.0,2,8.0,Pix
1730,2026-02-14 12:56:45.096585,Tapioca Coco com Leite Condensado,16.0,2,32.0,Pix
1635,2026-02-14 14:51:45.096585,Vitamina Morango,15.0,1,15.0,Cartão Débito
1762,2026-02-14 16:15:45.096585,Suco Manga,8.0,1,8.0,Cartão Débito
1291,2026-02-14 16:16:45.096585,Tapioca Carne Seca com Catupiry,20.0,1,20.0,Cartão Débito
1419,2026-02-14 16:18:45.096585,Suco Abacaxi com Hortela e Gengibre,8.0,1,8.0,Dinheiro
1316,2026-02-14 16:31:45.096585,Tapioca Frango com Requeijao,20.0,1,20.0,Dinheiro
1506,2026-02-14 16:52:45.096585,Salada de frutas,12.0,1,12.0,Cartão Débito
1859,2026-02-14 17:11:45.096585,Sanduiche Natural,12.0,3,36.0,Cartão Débito
1588,2026-02-14 17:25:45.096585,Adicional Ovo,2.0,2,4.0,Pix
1279,2026-02-14 18:05:45.096585,Suco Melancia,8.0,1,8.0,Pix
1620,2026-02-14 18:14:45.096585,Misto Quente,6.0,2,12.0,Pix
1624,2026-02-14 18:31:45.096585,Suco Laranja com Acerola,8.0,2,16.0,Cartão Crédito
1304,2026-02-14 18:50:45.096585,Tapioca Calabresa com Cheddar,16.0,3,48.0,Cartão Débito
1553,2026-02-14 19:06:45.096585,Tapioca Bacon com Queijo e Requeijao,18.0,1,18.0,Cartão Crédito
1022,2026-02-14 19:10:45.096585,Misto com Queijo e Peito de Peru,8.0,1,8.0,Cartão Débito
1373,2026-02-14 20:16:45.096585,Tapioca Carne Seca com Queijo,20.0,3,60.0,Pix
1125,2026-02-14 20:27:45.096585,Tapioca Frango com Cheddar,18.0,1,18.0,Dinheiro
1686,2026-02-14 20:28:45.096585,Tapioca Frango com Requeijao,20.0,1,20.0,Cartão Débito
1017,2026-02-14 20:41:45.096585,Tapioca Carne Seca com Catupiry,20.0,2,40.0,Pix
1701,2026-02-14 21:01:45.096585,Tapioca Calabresa com Queijo,16.0,2,32.0,Pix
1284,2026-02-15 12:28:45.096585,Misto com Ovo,10.0,1,10.0,Pix
1045,2026-02-15 14:50:45.096585,Misto Quente,6.0,1,6.0,Cartão Débito
1086,2026-02-15 15:01:45.096585,Misto com Ovo,10.0,1,10.0,Pix
1687,2026-02-15 15:26:45.096585,Tapioca Romeu e Julieta,16.0,3,48.0,Cartão Débito
1741,2026-02-15 15:32:45.096585,Tapioca Carne Seca com Catupiry,20.0,1,20.0,Cartão Crédito
1905,2026-02-15 16:39:45.096585,Tapioca Frango com Cheddar,18.0,2,36.0,Cartão Crédito
1062,2026-02-15 17:02:45.096585,Vitamina Banana com Aveia,15.0,1,15.0,Cartão Débito
1246,2026-02-15 17:11:45.096585,Tapioca Queijo Branco com Peito de Peru,16.0,1,16.0,Cartão Crédito
1041,2026-02-15 17:29:45.096585,"Tapioca Queijo com Presunto, Calabresa e Cheddar",16.0,1,16.0,Dinheiro
1365,2026-02-15 17:54:45.096585,Tapioca Nutella,16.0,1,16.0,Pix
1462,2026-02-15 18:11:45.096585,Vitamina Maracuja,15.0,2,30.0,Cartão Débito
1090,2026-02-15 18:27:45.096585,Suco Laranja com Couve e Hortela,8.0,2,16.0,Dinheiro
1647,2026-02-15 18:28:45.096585,Tapioca Frango com Requeijao,20.0,2,40.0,Dinheiro
1145,2026-02-15 19:28:45.096585,Tapioca Frango com Catupiry,18.0,3,54.0,Pix
1616,2026-02-15 19:53:45.096585,Tapioca Nutella,16.0,1,16.0,Dinheiro
1031,2026-02-15 19:54:45.096585,Tapioca Bacon com Queijo e Requeijao,18.0,1,18.0,Cartão Débito
1574,2026-02-15 20:07:45.096585,Tapioca Bacon com Queijo e Requeijao,18.0,2,36.0,Pix
1104,2026-02-15 20:16:45.096585,Suco Laranja com Acerola,8.0,1,8.0,Pix
1789,2026-02-16 14:20:45.096585,Tapioca Queijo com Presunto,16.0,3,48.0,Dinheiro
1598,2026-02-16 15:04:45.096585,Tapioca Nutella com Oreo,17.0,2,34.0,Cartão Crédito
1510,2026-02-16 16:13:45.096585,Suco Abacaxi com Hortela e Gengibre,8.0,1,8.0,Cartão Débito
1698,2026-02-16 18:37:45.096585,Tapioca Carne Seca com Requeijao,22.0,2,44.0,Cartão Débito
1303,2026-02-16 18:54:45.096585,Suco Limao,8.0,1,8.0,Dinheiro
1175,2026-02-16 19:06:45.096585,Suco Laranja com Acerola,8.0,2,16.0,Cartão Crédito
1434,2026-02-16 19:27:45.096585,Vitamina Banana com Aveia,15.0,2,30.0,Cartão Crédito
1573,2026-02-16 19:59:45.096585,Adicional Catupiry,3.0,1,3.0,Cartão Débito
1993,2026-02-16 20:58:45.096585,Suco Limao com Inhame,8.0,1,8.0,Pix
1070,2026-02-16 21:13:45.096585,Suco Manga,8.0,1,8.0,Cartão Débito
1221,2026-02-16 21:49:45.096585,Suco Abacaxi com Hortela e Gengibre,8.0,3,24.0,Cartão Crédito
1929,2026-02-17 13:19:45.096585,Adicional Ovo,2.0,3,6.0,Cartão Crédito
1143,2026-02-17 13:55:45.096585,Tapioca Bacon com Ovos e Queijo,18.0,1,18.0,Pix
1543,2026-02-17 16:46:45.096585,Adicional Catupiry,3.0,1,3.0,Cartão Crédito
1955,2026-02-17 17:37:45.096585,Adicional Ovo,2.0,2,4.0,Pix
1153,2026-02-17 18:38:45.096585,Pao com Linguica,17.0,1,17.0,Dinheiro
1346,2026-02-17 18:39:45.096585,Adicional Catupiry,3.0,2,6.0,Pix
1700,2026-02-17 18:42:45.096585,Salada de frutas,12.0,1,12.0,Cartão Débito
1738,2026-02-17 18:53:45.096585,Tapioca Carne Seca com Cheddar,20.0,2,40.0,Pix
1403,2026-02-17 19:33:45.096585,Tapioca Frango com Queijo,18.0,1,18.0,Cartão Crédito
1133,2026-02-17 19:45:45.096585,Tapioca Bacon com Queijo e Requeijao,18.0,1,18.0,Cartão Débito
1651,2026-02-17 19:52:45.096585,Tapioca Queijo com Presunto,16.0,1,16.0,Pix
1149,2026-02-17 20:06:45.096585,Tapioca Queijo com Presunto,16.0,1,16.0,Pix
1205,2026-02-17 20:18:45.096585,Pao com Ovo e Bacon,9.0,1,9.0,Dinheiro
1720,2026-02-17 20:30:45.096585,Tapioca Romeu e Julieta,16.0,2,32.0,Cartão Débito
1379,2026-02-17 21:05:45.096585,Vitamina Abacate,15.0,1,15.0,Dinheiro
1756,2026-02-17 21:51:45.096585,Suco Abacaxi,8.0,1,8.0,Cartão Crédito
1877,2026-02-17 22:08:45.096585,Tapioca Queijo com Presunto,16.0,2,32.0,Cartão Crédito
1597,2026-02-17 22:08:45.096585,Suco Limao,8.0,1,8.0,Cartão Crédito
1875,2026-02-18 13:37:45.096585,Adicional Bacon,4.0,2,8.0,Pix
1793,2026-02-18 14:49:45.096585,Tapioca Calabresa com Cheddar,16.0,1,16.0,Dinheiro
1869,2026-02-18 15:32:45.096585,"Suco Beterraba com Cenoura, Laranja, Limao e Gengibre",8.0,1,8.0,Dinheiro
1840,2026-02-18 15:38:45.096585,Misto com Ovo,10.0,1,10.0,Dinheiro
1144,2026-02-18 16:18:45.096585,Pao com Ovo e Bacon,9.0,1,9.0,Cartão Crédito
1329,2026-02-18 16:26:45.096585,Suco Limao com Inhame,8.0,1,8.0,Cartão Débito
1241,2026-02-18 16:28:45.096585,Misto com Queijo e Peito de Peru,8.0,1,8.0,Pix
1718,2026-02-18 16:37:45.096585,"Tapioca Queijo com Presunto, Calabresa e Cheddar",16.0,1,16.0,Pix
1156,2026-02-18 16:41:45.096585,Tapioca Queijo com Presunto,16.0,2,32.0,Dinheiro
1309,2026-02-18 16:41:45.096585,Adicional Queijo,4.0,1,4.0,Pix
1897,2026-02-18 17:31:45.096585,Suco Manga,8.0,1,8.0,Cartão Crédito
1672,2026-02-18 18:01:45.096585,"Pao com Ovo, Bacon e Queijo Coalho",12.0,1,12.0,Cartão Débito
1681,2026-02-18 18:05:45.096585,Suco Goiaba,8.0,1,8.0,Cartão Crédito
1024,2026-02-18 19:19:45.096585,Tapioca Frango com Cheddar,18.0,1,18.0,Cartão Débito
1551,2026-02-18 20:52:45.096585,Adicional Catupiry,3.0,1,3.0,Dinheiro
1654,2026-02-19 16:12:45.096585,Suco Goiaba,8.0,1,8.0,Dinheiro
1253,2026-02-19 16:20:45.096585,Tapioca Calabresa com Cheddar,16.0,1,16.0,Dinheiro
1023,2026-02-19 16:25:45.096585,Suco Limao com Inhame,8.0,1,8.0,Dinheiro
1009,2026-02-19 16:27:45.096585,Tapioca Carne Seca com Queijo,20.0,1,20.0,Dinheiro
1739,2026-02-19 17:29:45.096585,Tapioca Carne Seca com Cheddar,20.0,2,40.0,Pix
1244,2026-02-19 17:36:45.096585,Suco Limao,8.0,2,16.0,Dinheiro
1132,2026-02-19 18:10:45.096585,Tapioca Coco com Leite Condensado,16.0,1,16.0,Dinheiro
1201,2026-02-19 18:51:45.096585,Vitamina Morango,15.0,1,15.0,Pix
1389,2026-02-19 19:08:45.096585,Adicional Queijo,4.0,1,4.0,Pix
1483,2026-02-19 19:46:45.096585,Pao com Ovo e Bacon,9.0,2,18.0,Cartão Débito
1136,2026-02-19 20:35:45.096585,Fielzao,12.0,1,12.0,Dinheiro
1707,2026-02-19 21:41:45.096585,"Suco Beterraba com Cenoura, Laranja, Limao e Gengibre",8.0,1,8.0,Cartão Crédito
1894,2026-02-20 15:18:45.096585,Tapioca Calabresa com Queijo,16.0,1,16.0,Cartão Débito
1639,2026-02-20 15:42:45.096585,Tapioca Calabresa com Cheddar,16.0,1,16.0,Cartão Crédito
1394,2026-02-20 16:50:45.096585,"Suco Beterraba com Cenoura, Laranja, Limao e Gengibre",8.0,1,8.0,Cartão Débito
1848,2026-02-20 16:59:45.096585,Tapioca Queijo com Presunto,16.0,1,16.0,Pix
1410,2026-02-20 17:08:45.096585,Suco Laranja com Morango,8.0,1,8.0,Pix
1493,2026-02-20 17:40:45.096585,Suco Laranja com Acerola,8.0,1,8.0,Cartão Crédito
1585,2026-02-20 17:40:45.096585,Pao com Linguica,17.0,1,17.0,Cartão Débito
1855,2026-02-20 17:57:45.096585,Tapioca Frango com Cheddar,18.0,1,18.0,Dinheiro
1522,2026-02-20 18:54:45.096585,"Pao com Ovo, Bacon e Queijo Coalho",12.0,1,12.0,Dinheiro
1780,2026-02-20 19:31:45.096585,Adicional Bacon,4.0,2,8.0,Dinheiro
1878,2026-02-20 20:53:45.096585,Vitamina Maracuja,15.0,1,15.0,Pix
1375,2026-02-20 21:12:45.096585,Suco Laranja com Couve e Hortela,8.0,1,8.0,Cartão Débito
1398,2026-02-20 21:38:45.096585,Suco Laranja com Couve e Hortela,8.0,1,8.0,Cartão Débito
1129,2026-02-20 22:08:45.096585,"Tapioca Queijo com Presunto, Calabresa e Cheddar",16.0,1,16.0,Cartão Débito
1203,2026-02-21 13:53:45.096585,Misto Quente,6.0,1,6.0,Pix
1907,2026-02-21 14:54:45.096585,Adicional Cheddar,3.0,1,3.0,Pix
1068,2026-02-21 15:37:45.096585,Tapioca Calabresa com Queijo,16.0,1,16.0,Cartão Débito
1782,2026-02-21 15:58:45.096585,Suco Limao com Inhame,8.0,1,8.0,Cartão Crédito
1834,2026-02-21 16:14:45.096585,Tapioca Bacon com Ovos e Queijo,18.0,1,18.0,Cartão Débito
1353,2026-02-21 16:15:45.096585,Adicional Requeijão,4.0,1,4.0,Cartão Débito
1733,2026-02-21 16:21:45.096585,Adicional Ovo,2.0,2,4.0,Cartão Débito
1474,2026-02-21 16:30:45.096585,Suco Maracuja com Morango,8.0,2,16.0,Pix
1684,2026-02-21 17:09:45.096585,Vitamina Morango,15.0,1,15.0,Cartão Crédito
1849,2026-02-21 18:11:45.096585,Suco Limao,8.0,1,8.0,Cartão Débito
1187,2026-02-21 18:13:45.096585,Suco Limao com Inhame,8.0,2,16.0,Pix
1032,2026-02-21 18:14:45.096585,Tapioca Carne Seca com Cheddar,20.0,1,20.0,Pix
1072,2026-02-21 18:54:45.096585,Adicional Bacon,4.0,3,12.0,Dinheiro
1642,2026-02-21 19:19:45.096585,Adicional Requeijão,4.0,2,8.0,Dinheiro
1563,2026-02-21 19:19:45.096585,Fielzao,12.0,1,12.0,Pix
1268,2026-02-21 19:23:45.096585,"Suco Beterraba com Cenoura, Laranja, Limao e Gengibre",8.0,1,8.0,Cartão Débito
1890,2026-02-21 20:05:45.096585,"Tapioca Queijo com Presunto, Calabresa e Cheddar",16.0,1,16.0,Cartão Débito
1227,2026-02-21 20:07:45.096585,Misto com Queijo e Peito de Peru,8.0,3,24.0,Dinheiro
1235,2026-02-21 20:15:45.096585,Suco Melancia,8.0,1,8.0,Pix
1913,2026-02-21 20:23:45.096585,Suco Abacaxi com Hortela e Gengibre,8.0,1,8.0,Cartão Débito
1158,2026-02-21 20:49:45.096585,Tapioca Calabresa com Cheddar,16.0,1,16.0,Dinheiro
1680,2026-02-21 21:02:45.096585,Tapioca Bacon com Queijo e Requeijao,18.0,2,36.0,Cartão Crédito
1518,2026-02-21 21:12:45.096585,"Tapioca Queijo com Presunto, Calabresa e Cheddar",16.0,1,16.0,Dinheiro
1833,2026-02-21 21:18:45.096585,Suco Manga,8.0,1,8.0,Cartão Crédito
1512,2026-02-21 21:22:45.096585,Misto com Queijo e Peito de Peru,8.0,1,8.0,Cartão Crédito
1439,2026-02-21 21:52:45.096585,Tapioca Carne Seca com Requeijao,22.0,1,22.0,Pix
1492,2026-02-21 21:57:45.096585,Adicional Catupiry,3.0,1,3.0,Cartão Débito
1592,2026-02-22 12:55:45.096585,Pao com Linguica,17.0,1,17.0,Cartão Crédito
1109,2026-02-22 14:10:45.096585,Suco Limao com Inhame,8.0,1,8.0,Cartão Crédito
1945,2026-02-22 16:20:45.096585,Tapioca Carne Seca com Requeijao,22.0,1,22.0,Cartão Crédito
1018,2026-02-22 16:25:45.096585,Misto com Ovo,10.0,2,20.0,Dinheiro
1657,2026-02-22 16:26:45.096585,Adicional Ovo,2.0,1,2.0,Pix
1671,2026-02-22 16:26:45.096585,Vitamina Abacate,15.0,1,15.0,Cartão Crédito
1286,2026-02-22 16:53:45.096585,"Pao com Ovo, Bacon e Queijo Coalho",12.0,1,12.0,Pix
1402,2026-02-22 17:03:45.096585,Tapioca Carne Seca com Requeijao,22.0,1,22.0,Pix
1407,2026-02-22 17:23:45.096585,Tapioca Romeu e Julieta,16.0,1,16.0,Pix
1677,2026-02-22 18:06:45.096585,Suco Limao com Inhame,8.0,2,16.0,Cartão Crédito
1644,2026-02-22 18:26:45.096585,Tapioca Bacon com Queijo e Requeijao,18.0,2,36.0,Cartão Crédito
1452,2026-02-22 18:45:45.096585,Suco Abacaxi com Hortela e Gengibre,8.0,2,16.0,Cartão Crédito
1318,2026-02-22 19:10:45.096585,Vitamina Banana com Aveia,15.0,1,15.0,Cartão Débito
1676,2026-02-22 21:05:45.096585,Tapioca Frango com Catupiry,18.0,1,18.0,Dinheiro
1276,2026-02-22 21:21:45.096585,Adicional Bacon,4.0,1,4.0,Cartão Crédito
1802,2026-02-22 21:36:45.096585,Pao com Linguica,17.0,1,17.0,Dinheiro
1976,2026-02-22 22:01:45.096585,Tapioca Bacon com Queijo e Requeijao,18.0,1,18.0,Pix
1423,2026-02-23 13:27:45.096585,Tapioca Nutella com Oreo,17.0,1,17.0,Dinheiro
1952,2026-02-23 14:06:45.096585,"Tapioca Queijo com Presunto, Calabresa e Cheddar",16.0,1,16.0,Cartão Crédito
1354,2026-02-23 14:25:45.096585,Tapioca Calabresa com Queijo,16.0,1,16.0,Cartão Débito
1607,2026-02-23 14:51:45.096585,Salada de frutas,12.0,1,12.0,Pix
1322,2026-02-23 15:30:45.096585,Suco Melancia,8.0,3,24.0,Cartão Crédito
1471,2026-02-23 17:11:45.096585,Pao com Ovo e Bacon,9.0,1,9.0,Cartão Débito
1185,2026-02-23 17:26:45.096585,Suco Laranja com Couve e Hortela,8.0,1,8.0,Cartão Débito
1030,2026-02-23 17:28:45.096585,Suco Limao,8.0,1,8.0,Dinheiro
1541,2026-02-23 17:50:45.096585,Tapioca Coco com Leite Condensado,16.0,2,32.0,Pix
1734,2026-02-23 17:54:45.096585,Tapioca Nutella com Oreo,17.0,1,17.0,Dinheiro
1249,2026-02-23 18:01:45.096585,Misto com Ovo,10.0,3,30.0,Pix
1355,2026-02-23 18:20:45.096585,Tapioca Frango com Catupiry,18.0,1,18.0,Pix
1008,2026-02-23 19:36:45.096585,Suco Laranja com Couve e Hortela,8.0,1,8.0,Cartão Crédito
1579,2026-02-23 19:43:45.096585,Adicional Requeijão,4.0,1,4.0,Pix
1931,2026-02-23 21:39:45.096585,Salada de frutas,12.0,1,12.0,Dinheiro
1947,2026-02-23 21:43:45.096585,Suco Goiaba,8.0,1,8.0,Cartão Débito
1550,2026-02-24 11:57:45.096585,Vitamina Abacate,15.0,2,30.0,Cartão Débito
1384,2026-02-24 12:06:45.096585,Tapioca Queijo Branco com Peito de Peru,16.0,2,32.0,Cartão Débito
1358,2026-02-24 14:25:45.096585,Suco Laranja,8.0,1,8.0,Cartão Crédito
1679,2026-02-24 14:30:45.096585,Suco Laranja com Couve e Hortela,8.0,1,8.0,Cartão Débito
1575,2026-02-24 14:56:45.096585,Misto com Queijo e Peito de Peru,8.0,1,8.0,Dinheiro
1080,2026-02-24 15:19:45.096585,Adicional Queijo,4.0,1,4.0,Dinheiro
1050,2026-02-24 15:20:45.096585,Suco Abacaxi,8.0,1,8.0,Dinheiro
1655,2026-02-24 16:30:45.096585,Tapioca Bacon com Ovos e Queijo,18.0,1,18.0,Pix
1670,2026-02-24 17:22:45.096585,Suco Laranja com Acerola,8.0,1,8.0,Cartão Crédito
1876,2026-02-24 18:01:45.096585,Tapioca Frango com Catupiry,18.0,1,18.0,Pix
1971,2026-02-24 18:44:45.096585,Adicional Catupiry,3.0,2,6.0,Dinheiro
1503,2026-02-24 18:54:45.096585,Tapioca Frango com Requeijao,20.0,1,20.0,Cartão Crédito
1020,2026-02-24 18:56:45.096585,Suco Abacaxi,8.0,2,16.0,Cartão Crédito
1111,2026-02-24 19:01:45.096585,Suco Manga,8.0,1,8.0,Cartão Crédito
1963,2026-02-24 19:07:45.096585,Suco Abacaxi,8.0,2,16.0,Dinheiro
1176,2026-02-24 19:17:45.096585,Tapioca Queijo com Presunto,16.0,1,16.0,Cartão Débito
1057,2026-02-24 20:04:45.096585,Sanduiche Natural,12.0,1,12.0,Pix
1415,2026-02-24 20:49:45.096585,Pao com Linguica,17.0,1,17.0,Cartão Crédito
1082,2026-02-24 21:22:45.096585,Salada de frutas,12.0,1,12.0,Pix
1126,2026-02-24 21:29:45.096585,Vitamina Banana com Aveia,15.0,1,15.0,Cartão Débito
1778,2026-02-24 21:45:45.096585,Tapioca Carne Seca com Catupiry,20.0,1,20.0,Cartão Crédito
1816,2026-02-25 14:08:45.096585,Tapioca Romeu e Julieta,16.0,1,16.0,Cartão Débito
1811,2026-02-25 14:26:45.096585,Tapioca Nutella,16.0,2,32.0,Cartão Crédito
1118,2026-02-25 14:40:45.096585,Adicional Bacon,4.0,2,8.0,Cartão Crédito
1582,2026-02-25 17:06:45.096585,Tapioca Queijo Branco com Peito de Peru,16.0,2,32.0,Pix
1557,2026-02-25 17:26:45.096585,Suco Laranja com Morango,8.0,1,8.0,Cartão Crédito
1161,2026-02-25 18:47:45.096585,Tapioca Frango com Requeijao,20.0,1,20.0,Cartão Débito
1661,2026-02-25 19:19:45.096585,Suco Melancia,8.0,1,8.0,Cartão Crédito
1903,2026-02-25 20:00:45.096585,Vitamina Morango,15.0,3,45.0,Cartão Crédito
1341,2026-02-25 20:10:45.096585,Vitamina Banana com Aveia,15.0,1,15.0,Dinheiro
1636,2026-02-25 20:54:45.096585,Suco Manga,8.0,1,8.0,Pix
1449,2026-02-25 21:28:45.096585,Salada de frutas,12.0,1,12.0,Dinheiro
1381,2026-02-26 12:19:45.096585,Tapioca Coco com Leite Condensado,16.0,1,16.0,Cartão Débito
1814,2026-02-26 16:19:45.096585,Misto Quente,6.0,1,6.0,Pix
1513,2026-02-26 16:33:45.096585,Vitamina Maracuja,15.0,1,15.0,Dinheiro
1108,2026-02-26 16:45:45.096585,Sanduiche Natural,12.0,1,12.0,Cartão Crédito
1312,2026-02-26 16:50:45.096585,Suco Goiaba,8.0,1,8.0,Dinheiro
1058,2026-02-26 17:04:45.096585,Suco Melancia,8.0,3,24.0,Dinheiro
1349,2026-02-26 17:06:45.096585,Suco Maracuja com Morango,8.0,1,8.0,Dinheiro
1515,2026-02-26 18:01:45.096585,Suco Melancia,8.0,2,16.0,Cartão Débito
1363,2026-02-26 18:57:45.096585,Suco Laranja com Acerola,8.0,1,8.0,Cartão Crédito
1053,2026-02-26 19:01:45.096585,Adicional Calabresa,4.0,1,4.0,Pix
1219,2026-02-26 19:13:45.096585,Misto com Ovo,10.0,3,30.0,Cartão Crédito
1029,2026-02-26 21:41:45.096585,Adicional Calabresa,4.0,1,4.0,Cartão Débito
1258,2026-02-26 21:49:45.096585,Adicional Cheddar,3.0,1,3.0,Cartão Débito
1662,2026-02-26 22:08:45.096585,Suco Abacaxi com Hortela e Gengibre,8.0,1,8.0,Cartão Débito
1035,2026-02-27 14:52:45.096585,Tapioca Frango com Cheddar,18.0,1,18.0,Pix
1128,2026-02-27 15:15:45.096585,Tapioca Frango com Queijo,18.0,1,18.0,Pix
1337,2026-02-27 16:22:45.096585,"Tapioca Queijo com Presunto, Calabresa e Cheddar",16.0,1,16.0,Dinheiro
1274,2026-02-27 17:28:45.096585,Adicional Cheddar,3.0,1,3.0,Cartão Débito
1831,2026-02-27 17:35:45.096585,Adicional Ovo,2.0,1,2.0,Cartão Débito
1315,2026-02-27 17:51:45.096585,Misto Quente,6.0,1,6.0,Dinheiro
1356,2026-02-27 18:12:45.096585,Tapioca Carne Seca com Catupiry,20.0,1,20.0,Pix
1609,2026-02-27 18:15:45.096585,Tapioca Romeu e Julieta,16.0,3,48.0,Cartão Débito
1095,2026-02-27 18:26:45.096585,Tapioca Coco com Leite Condensado,16.0,3,48.0,Pix
1280,2026-02-27 18:48:45.096585,Suco Laranja,8.0,1,8.0,Cartão Crédito
1721,2026-02-27 18:58:45.096585,Tapioca Frango com Catupiry,18.0,1,18.0,Cartão Débito
1049,2026-02-27 19:58:45.096585,Misto com Queijo e Peito de Peru,8.0,3,24.0,Cartão Débito
1107,2026-02-27 20:14:45.096585,Tapioca Carne Seca com Catupiry,20.0,1,20.0,Dinheiro
1919,2026-02-27 20:23:45.096585,Vitamina Maracuja,15.0,1,15.0,Cartão Crédito
1591,2026-02-27 20:33:45.096585,Tapioca Carne Seca com Requeijao,22.0,1,22.0,Cartão Crédito
1188,2026-02-27 20:34:45.096585,Tapioca Coco com Leite Condensado,16.0,1,16.0,Cartão Débito
1743,2026-02-28 15:41:45.096585,Pao com Ovo e Bacon,9.0,1,9.0,Cartão Crédito
1570,2026-02-28 15:51:45.096585,Suco Melancia,8.0,3,24.0,Cartão Crédito
1061,2026-02-28 16:14:45.096585,Tapioca Carne Seca com Requeijao,22.0,2,44.0,Dinheiro
1202,2026-02-28 16:27:45.096585,Suco Goiaba,8.0,2,16.0,Cartão Débito
1757,2026-02-28 17:10:45.096585,Tapioca Nutella com Oreo,17.0,3,51.0,Pix
1116,2026-02-28 17:30:45.096585,Suco Abacaxi,8.0,2,16.0,Pix
1970,2026-02-28 17:34:45.096585,Tapioca Frango com Catupiry,18.0,1,18.0,Cartão Débito
1217,2026-02-28 17:41:45.096585,Tapioca Carne Seca com Cheddar,20.0,3,60.0,Pix
1674,2026-02-28 18:23:45.096585,Suco Laranja,8.0,2,16.0,Dinheiro
1351,2026-02-28 18:30:45.096585,Adicional Bacon,4.0,3,12.0,Cartão Crédito
1130,2026-02-28 18:44:45.096585,Tapioca Bacon com Ovos e Queijo,18.0,1,18.0,Pix
1703,2026-02-28 18:49:45.096585,Suco Limao,8.0,2,16.0,Cartão Débito
1978,2026-02-28 19:06:45.096585,"Suco Beterraba com Cenoura, Laranja, Limao e Gengibre",8.0,1,8.0,Dinheiro
1039,2026-02-28 19:14:45.096585,"Pao com Ovo, Bacon e Queijo Coalho",12.0,1,12.0,Cartão Crédito
1539,2026-02-28 19:50:45.096585,Tapioca Frango com Requeijao,20.0,2,40.0,Pix
1339,2026-02-28 20:03:45.096585,Adicional Requeijão,4.0,2,8.0,Dinheiro
1438,2026-02-28 20:18:45.096585,Adicional Queijo,4.0,1,4.0,Cartão Débito
1641,2026-02-28 20:31:45.096585,Suco Laranja com Morango,8.0,2,16.0,Pix
1343,2026-02-28 20:37:45.096585,Pao com Ovo e Bacon,9.0,1,9.0,Cartão Débito
1755,2026-02-28 20:42:45.096585,Adicional Ovo,2.0,1,2.0,Pix
1779,2026-02-28 20:59:45.096585,Suco Manga,8.0,1,8.0,Pix
1134,2026-02-28 21:01:45.096585,Tapioca Romeu e Julieta,16.0,2,32.0,Pix
1961,2026-02-28 21:16:45.096585,Adicional Queijo,4.0,1,4.0,Pix
1239,2026-02-28 21:23:45.096585,Adicional Cheddar,3.0,2,6.0,Dinheiro
1863,2026-03-01 15:26:45.096585,Suco Laranja com Acerola,8.0,3,24.0,Pix
1232,2026-03-01 15:31:45.096585,Tapioca Nutella com Oreo,17.0,1,17.0,Pix
1433,2026-03-01 15:36:45.096585,Tapioca Frango com Queijo,18.0,1,18.0,Dinheiro
1646,2026-03-01 16:01:45.096585,Vitamina Morango,15.0,1,15.0,Pix
1689,2026-03-01 16:34:45.096585,Sanduiche Natural,12.0,2,24.0,Dinheiro
1344,2026-03-01 16:41:45.096585,Misto com Queijo e Peito de Peru,8.0,2,16.0,Cartão Crédito
1448,2026-03-01 17:56:45.096585,Salada de frutas,12.0,1,12.0,Dinheiro
1804,2026-03-01 19:41:45.096585,Adicional Cheddar,3.0,3,9.0,Cartão Débito
1408,2026-03-01 20:04:45.096585,Sanduiche Natural,12.0,1,12.0,Pix
1763,2026-03-01 20:40:45.096585,Tapioca Carne Seca com Requeijao,22.0,1,22.0,Dinheiro
1776,2026-03-01 21:10:45.096585,Vitamina Abacate,15.0,2,30.0,Cartão Crédito
1367,2026-03-02 13:56:45.096585,Suco Laranja com Couve e Hortela,8.0,3,24.0,Cartão Débito
1696,2026-03-02 14:19:45.096585,Tapioca Bacon com Ovos e Queijo,18.0,1,18.0,Cartão Débito
1146,2026-03-02 16:04:45.096585,Pao com Linguica,17.0,3,51.0,Dinheiro
1604,2026-03-02 16:09:45.096585,Suco Manga,8.0,1,8.0,Cartão Crédito
1692,2026-03-02 16:18:45.096585,Vitamina Maracuja,15.0,1,15.0,Dinheiro
1829,2026-03-02 16:39:45.096585,Suco Laranja com Couve e Hortela,8.0,2,16.0,Dinheiro
1071,2026-03-02 17:23:45.096585,Salada de frutas,12.0,3,36.0,Cartão Crédito
1858,2026-03-02 17:48:45.096585,Suco Maracuja com Morango,8.0,1,8.0,Cartão Débito
1517,2026-03-02 17:55:45.096585,Tapioca Queijo com Presunto,16.0,1,16.0,Cartão Débito
1206,2026-03-02 17:58:45.096585,Tapioca Nutella,16.0,2,32.0,Cartão Crédito
1792,2026-03-02 18:09:45.096585,Tapioca Carne Seca com Cheddar,20.0,2,40.0,Dinheiro
1141,2026-03-02 18:16:45.096585,Tapioca Queijo Branco com Peito de Peru,16.0,1,16.0,Cartão Crédito
1839,2026-03-02 18:22:45.096585,Tapioca Queijo com Presunto,16.0,1,16.0,Cartão Crédito
1192,2026-03-02 18:32:45.096585,Tapioca Carne Seca com Cheddar,20.0,3,60.0,Pix
1077,2026-03-02 19:39:45.096585,Tapioca Nutella com Oreo,17.0,3,51.0,Pix
1835,2026-03-02 21:56:45.096585,Vitamina Maracuja,15.0,2,30.0,Pix
1447,2026-03-02 22:07:45.096585,Suco Laranja com Morango,8.0,1,8.0,Cartão Débito
