Data_Venda,Produto,Preco_Unitario,Quantidade,Total_Venda,Metodo_Pagamento,Mes,Total Janeiro,Total Fevereiro
2026-01-01 08:26:00,Suco Abacaxi,8.0,3,24.0,Cartão Crédito,Janeiro,24.0,0.0
2026-01-01 09:54:00,"Suco Beterraba c/ Cenoura, Laranja, Limao e Gengibre",8.0,1,8.0,Pix,Janeiro,8.0,0.0
2026-01-01 09:59:00,Sanduiche Natural,10.0,3,30.0,Cartão Débito,Janeiro,30.0,0.0
2026-01-01 10:10:00,Tapioca Bacon c/ Ovos e Queijo,18.0,1,18.0,Cartão Débito,Janeiro,18.0,0.0
2026-01-01 10:14:00,Vitamina Abacate,15.0,1,15.0,Cartão Crédito,Janeiro,15.0,0.0
2026-01-01 10:41:00,Misto c/ Ovo,10.0,1,10.0,Dinheiro,Janeiro,10.0,0.0
2026-01-01 11:26:00,Vitamina Banana c/ Aveia,15.0,3,45.0,Dinheiro,Janeiro,45.0,0.0
2026-01-01 11:46:00,Suco Laranja,8.0,1,8.0,Pix,Janeiro,8.0,0.0
2026-01-01 12:02:00,Misto Quente,8.0,1,8.0,Dinheiro,Janeiro,8.0,0.0
2026-01-01 12:20:00,Tapioca Coco c/ Leite Condensado,16.0,1,16.0,Dinheiro,Janeiro,16.0,0.0
2026-01-01 12:22:00,Suco Goiaba,8.0,1,8.0,Pix,Janeiro,8.0,0.0
2026-01-01 13:15:00,"Pao c/ Ovo, Bacon e Queijo Coalho",15.0,1,15.0,Pix,Janeiro,15.0,0.0
2026-01-01 13:39:00,Tapioca Bacon c/ Ovos e Queijo,18.0,1,18.0,Cartão Débito,Janeiro,18.0,0.0
2026-01-01 15:07:00,Tapioca Carne Seca c/ Queijo,20.0,1,20.0,Pix,Janeiro,20.0,0.0
2026-01-01 15:13:00,Pao c/ Linguica,12.0,1,12.0,Pix,Janeiro,12.0,0.0
2026-01-01 15:25:00,Tapioca Coco c/ Leite Condensado,16.0,1,16.0,Cartão Crédito,Janeiro,16.0,0.0
2026-01-01 15:31:00,"Pao c/ Ovo, Bacon e Queijo Coalho",15.0,1,15.0,Cartão Débito,Janeiro,15.0,0.0
2026-01-01 15:32:00,Tapioca Calabresa c/ Queijo,16.0,1,16.0,Cartão Crédito,Janeiro,16.0,0.0
2026-01-01 17:08:00,Tapioca Carne Seca c/ Queijo,20.0,2,40.0,Cartão Crédito,Janeiro,40.0,0.0
2026-01-01 17:22:00,Tapioca Calabresa c/ Queijo,16.0,1,16.0,Cartão Crédito,Janeiro,16.0,0.0
2026-01-01 17:24:00,Suco Limao c/ Inhame,8.0,1,8.0,Cartão Crédito,Janeiro,8.0,0.0
2026-01-01 17:25:00,"Tapioca Queijo c/ Presunto, Calabresa e Cheddar",16.0,3,48.0,Cartão Crédito,Janeiro,48.0,0.0
2026-01-01 17:43:00,Salada de frutas,12.0,2,24.0,Dinheiro,Janeiro,24.0,0.0
2026-01-01 18:05:00,Vitamina Maracuja,15.0,1,15.0,Cartão Crédito,Janeiro,15.0,0.0
2026-01-01 19:30:00,Tapioca Queijo Branco c/ Peito de Peru,16.0,2,32.0,Cartão Débito,Janeiro,32.0,0.0
2026-01-01 19:55:00,Morango,11.0,1,11.0,Dinheiro,Janeiro,11.0,0.0
2026-01-01 20:31:00,Vitamina Abacate,15.0,1,15.0,Cartão Débito,Janeiro,15.0,0.0
2026-01-02 08:54:00,Vitamina Maracuja,15.0,1,15.0,Dinheiro,Janeiro,15.0,0.0
2026-01-02 09:19:00,Tapioca Calabresa c/ Queijo,16.0,2,32.0,Cartão Débito,Janeiro,32.0,0.0
2026-01-02 09:43:00,Suco Laranja,8.0,1,8.0,Dinheiro,Janeiro,8.0,0.0
2026-01-02 09:43:00,Pao c/ Ovo e Bacon,12.0,1,12.0,Cartão Débito,Janeiro,12.0,0.0
2026-01-02 11:11:00,Misto Quente,8.0,1,8.0,Dinheiro,Janeiro,8.0,0.0
2026-01-02 12:46:00,Tapioca Queijo Branco c/ Peito de Peru,16.0,1,16.0,Pix,Janeiro,16.0,0.0
2026-01-02 12:55:00,Vitamina Banana c/ Aveia,15.0,1,15.0,Dinheiro,Janeiro,15.0,0.0
2026-01-02 13:07:00,Tapioca Frango c/ Requeijao,20.0,1,20.0,Cartão Crédito,Janeiro,20.0,0.0
2026-01-02 13:10:00,Tapioca Frango c/ Queijo,18.0,2,36.0,Dinheiro,Janeiro,36.0,0.0
2026-01-02 13:48:00,Tapioca Frango c/ Requeijao,20.0,1,20.0,Cartão Débito,Janeiro,20.0,0.0
2026-01-02 14:28:00,Misto c/ Queijo e Peito de Peru,12.0,3,36.0,Cartão Crédito,Janeiro,36.0,0.0
2026-01-02 14:29:00,Tapioca Queijo Branco c/ Peito de Peru,16.0,1,16.0,Cartão Crédito,Janeiro,16.0,0.0
2026-01-02 14:34:00,Suco Laranja c/ Morango,8.0,1,8.0,Dinheiro,Janeiro,8.0,0.0
2026-01-02 15:02:00,Suco Manga,8.0,1,8.0,Pix,Janeiro,8.0,0.0
2026-01-02 15:06:00,Suco Laranja c/ Acerola,8.0,1,8.0,Cartão Crédito,Janeiro,8.0,0.0
2026-01-02 15:36:00,Tapioca Frango c/ Catupiry,18.0,2,36.0,Cartão Crédito,Janeiro,36.0,0.0
2026-01-02 15:40:00,Pao c/ Ovo e Bacon,12.0,3,36.0,Dinheiro,Janeiro,36.0,0.0
2026-01-02 16:00:00,Limonada Suíça,9.0,2,18.0,Cartão Crédito,Janeiro,18.0,0.0
2026-01-02 16:13:00,Tapioca Calabresa c/ Queijo,16.0,2,32.0,Cartão Débito,Janeiro,32.0,0.0
2026-01-02 16:49:00,Tapioca Bacon c/ Queijo e Requeijao,18.0,1,18.0,Cartão Crédito,Janeiro,18.0,0.0
2026-01-02 17:21:00,Manga,9.5,1,9.5,Cartão Débito,Janeiro,9.5,0.0
2026-01-02 18:01:00,Vitamina Banana c/ Aveia,15.0,2,30.0,Cartão Débito,Janeiro,30.0,0.0
2026-01-02 18:10:00,Suco Laranja c/ Morango,8.0,3,24.0,Dinheiro,Janeiro,24.0,0.0
2026-01-02 19:06:00,Sanduiche Natural,10.0,1,10.0,Cartão Débito,Janeiro,10.0,0.0
2026-01-02 19:11:00,Misto c/ Ovo,10.0,1,10.0,Cartão Crédito,Janeiro,10.0,0.0
2026-01-02 20:00:00,"Tapioca Queijo c/ Presunto, Calabresa e Cheddar",16.0,1,16.0,Dinheiro,Janeiro,16.0,0.0
2026-01-02 20:34:00,Vitamina Morango,15.0,1,15.0,Cartão Crédito,Janeiro,15.0,0.0
2026-01-03 08:13:00,Misto Quente,8.0,2,16.0,Cartão Débito,Janeiro,16.0,0.0
2026-01-03 08:17:00,Suco Maracuja,8.0,1,8.0,Dinheiro,Janeiro,8.0,0.0
2026-01-03 09:02:00,Suco Laranja c/ Couve e Hortela,8.0,1,8.0,Dinheiro,Janeiro,8.0,0.0
2026-01-03 09:29:00,Tapioca Nutella c/ Oreo,17.0,1,17.0,Pix,Janeiro,17.0,0.0
2026-01-03 09:30:00,Vitamina Abacate,15.0,1,15.0,Cartão Débito,Janeiro,15.0,0.0
2026-01-03 09:52:00,Misto Quente,8.0,1,8.0,Cartão Débito,Janeiro,8.0,0.0
2026-01-03 10:01:00,Fielzao,18.0,1,18.0,Cartão Débito,Janeiro,18.0,0.0
2026-01-03 11:12:00,Morango,11.0,1,11.0,Cartão Crédito,Janeiro,11.0,0.0
2026-01-03 11:37:00,Tapioca Nutella c/ Oreo,17.0,1,17.0,Pix,Janeiro,17.0,0.0
2026-01-03 12:30:00,Suco Maracuja c/ Morango,8.0,1,8.0,Cartão Crédito,Janeiro,8.0,0.0
2026-01-03 12:46:00,"Suco Beterraba c/ Cenoura, Laranja, Limao e Gengibre",8.0,1,8.0,Cartão Crédito,Janeiro,8.0,0.0
2026-01-03 12:55:00,Misto c/ Ovo,10.0,2,20.0,Cartão Débito,Janeiro,20.0,0.0
2026-01-03 14:12:00,Suco Laranja,8.0,1,8.0,Cartão Débito,Janeiro,8.0,0.0
2026-01-03 14:18:00,Sanduiche Natural,10.0,1,10.0,Pix,Janeiro,10.0,0.0
2026-01-03 14:50:00,Misto c/ Queijo e Peito de Peru,12.0,3,36.0,Pix,Janeiro,36.0,0.0
2026-01-03 14:51:00,Suco Laranja c/ Couve e Hortela,8.0,3,24.0,Pix,Janeiro,24.0,0.0
2026-01-03 14:59:00,Tapioca Frango c/ Cheddar,18.0,3,54.0,Cartão Crédito,Janeiro,54.0,0.0
2026-01-03 15:13:00,Vitamina Abacate,15.0,1,15.0,Dinheiro,Janeiro,15.0,0.0
2026-01-03 15:20:00,Misto c/ Queijo e Peito de Peru,12.0,1,12.0,Cartão Débito,Janeiro,12.0,0.0
2026-01-03 15:30:00,Tapioca Carne Seca c/ Cheddar,20.0,2,40.0,Cartão Crédito,Janeiro,40.0,0.0
2026-01-03 15:43:00,"Tapioca Queijo c/ Presunto, Calabresa e Cheddar",16.0,1,16.0,Dinheiro,Janeiro,16.0,0.0
2026-01-03 16:13:00,Vitamina Abacate,15.0,2,30.0,Pix,Janeiro,30.0,0.0
2026-01-03 16:55:00,Suco Manga,8.0,3,24.0,Pix,Janeiro,24.0,0.0
2026-01-03 17:18:00,Tapioca Carne Seca c/ Cheddar,20.0,1,20.0,Cartão Crédito,Janeiro,20.0,0.0
2026-01-03 18:10:00,Tapioca Calabresa c/ Queijo,16.0,2,32.0,Cartão Débito,Janeiro,32.0,0.0
2026-01-03 18:30:00,Salada de frutas,12.0,1,12.0,Pix,Janeiro,12.0,0.0
2026-01-03 18:37:00,Suco Laranja c/ Acerola,8.0,1,8.0,Cartão Débito,Janeiro,8.0,0.0
2026-01-03 19:00:00,Vitamina Abacate,15.0,2,30.0,Pix,Janeiro,30.0,0.0
2026-01-03 19:24:00,Suco Laranja,8.0,1,8.0,Cartão Débito,Janeiro,8.0,0.0
2026-01-03 20:07:00,Vitamina Maracuja,15.0,1,15.0,Cartão Crédito,Janeiro,15.0,0.0
2026-01-04 08:02:00,Tapioca Coco c/ Leite Condensado,16.0,1,16.0,Pix,Janeiro,16.0,0.0
2026-01-04 08:16:00,Suco Abacaxi,8.0,3,24.0,Pix,Janeiro,24.0,0.0
2026-01-04 08:35:00,Suco Laranja c/ Couve e Hortela,8.0,1,8.0,Dinheiro,Janeiro,8.0,0.0
2026-01-04 10:05:00,Limonada Suíça,9.0,1,9.0,Dinheiro,Janeiro,9.0,0.0
2026-01-04 10:24:00,Tapioca Nutella,16.0,1,16.0,Dinheiro,Janeiro,16.0,0.0
2026-01-04 11:13:00,Vitamina Abacate,15.0,1,15.0,Dinheiro,Janeiro,15.0,0.0
2026-01-04 12:09:00,Tapioca Calabresa c/ Cheddar,16.0,1,16.0,Cartão Débito,Janeiro,16.0,0.0
2026-01-04 12:39:00,Suco Limao c/ Inhame,8.0,3,24.0,Cartão Débito,Janeiro,24.0,0.0
2026-01-04 12:44:00,Verde Detox,10.0,3,30.0,Cartão Débito,Janeiro,30.0,0.0
2026-01-04 12:56:00,Suco Manga,8.0,1,8.0,Cartão Débito,Janeiro,8.0,0.0
2026-01-04 13:43:00,Vitamina Abacate,15.0,1,15.0,Pix,Janeiro,15.0,0.0
2026-01-04 14:13:00,Pao c/ Ovo e Bacon,12.0,1,12.0,Cartão Débito,Janeiro,12.0,0.0
2026-01-04 14:26:00,Tapioca Frango c/ Cheddar,18.0,1,18.0,Pix,Janeiro,18.0,0.0
2026-01-04 14:36:00,Suco Maracuja,8.0,1,8.0,Cartão Débito,Janeiro,8.0,0.0
2026-01-04 15:23:00,Tapioca Carne Seca c/ Queijo,20.0,1,20.0,Cartão Débito,Janeiro,20.0,0.0
2026-01-04 15:45:00,Vitamina Banana c/ Aveia,15.0,1,15.0,Cartão Débito,Janeiro,15.0,0.0
2026-01-04 16:51:00,Suco Limao c/ Inhame,8.0,1,8.0,Pix,Janeiro,8.0,0.0
2026-01-04 17:12:00,Sanduiche Natural,10.0,1,10.0,Pix,Janeiro,10.0,0.0
2026-01-04 17:21:00,Suco Abacaxi,8.0,1,8.0,Dinheiro,Janeiro,8.0,0.0
2026-01-04 17:51:00,Misto c/ Queijo e Peito de Peru,12.0,3,36.0,Cartão Débito,Janeiro,36.0,0.0
2026-01-04 20:41:00,Tapioca Carne Seca c/ Cheddar,20.0,1,20.0,Cartão Crédito,Janeiro,20.0,0.0
2026-01-05 08:09:00,Suco Laranja c/ Couve e Hortela,8.0,1,8.0,Cartão Débito,Janeiro,8.0,0.0
2026-01-05 08:19:00,Verde Detox,10.0,1,10.0,Dinheiro,Janeiro,10.0,0.0
2026-01-05 09:50:00,Tapioca Bacon c/ Queijo e Requeijao,18.0,2,36.0,Cartão Débito,Janeiro,36.0,0.0
2026-01-05 10:34:00,Suco Laranja c/ Couve e Hortela,8.0,1,8.0,Pix,Janeiro,8.0,0.0
2026-01-05 10:47:00,Verde Detox,10.0,1,10.0,Dinheiro,Janeiro,10.0,0.0
2026-01-05 11:37:00,Suco Manga,8.0,2,16.0,Pix,Janeiro,16.0,0.0
2026-01-05 12:00:00,"Tapioca Queijo c/ Presunto, Calabresa e Cheddar",16.0,2,32.0,Cartão Débito,Janeiro,32.0,0.0
2026-01-05 12:09:00,Tapioca Coco c/ Leite Condensado,16.0,1,16.0,Pix,Janeiro,16.0,0.0
2026-01-05 12:27:00,Pao c/ Ovo e Bacon,12.0,1,12.0,Cartão Débito,Janeiro,12.0,0.0
2026-01-05 15:31:00,"Tapioca Queijo c/ Presunto, Calabresa e Cheddar",16.0,1,16.0,Cartão Crédito,Janeiro,16.0,0.0
2026-01-05 18:07:00,Suco Maracuja c/ Morango,8.0,1,8.0,Pix,Janeiro,8.0,0.0
2026-01-05 18:15:00,Suco Limao,8.0,1,8.0,Pix,Janeiro,8.0,0.0
2026-01-05 19:58:00,Tapioca Frango c/ Cheddar,18.0,1,18.0,Dinheiro,Janeiro,18.0,0.0
2026-01-05 20:11:00,Verde Detox,10.0,1,10.0,Cartão Débito,Janeiro,10.0,0.0
2026-01-05 20:19:00,Suco Abacaxi c/ Hortela e Gengibre,8.0,1,8.0,Pix,Janeiro,8.0,0.0
2026-01-05 20:35:00,Tapioca Romeu e Julieta,16.0,2,32.0,Pix,Janeiro,32.0,0.0
2026-01-06 09:48:00,"Tapioca Queijo c/ Presunto, Calabresa e Cheddar",16.0,1,16.0,Cartão Débito,Janeiro,16.0,0.0
2026-01-06 10:46:00,"Tapioca Queijo c/ Presunto, Calabresa e Cheddar",16.0,1,16.0,Cartão Crédito,Janeiro,16.0,0.0
2026-01-06 10:56:00,Suco Manga,8.0,3,24.0,Pix,Janeiro,24.0,0.0
2026-01-06 11:15:00,Misto c/ Queijo e Peito de Peru,12.0,1,12.0,Pix,Janeiro,12.0,0.0
2026-01-06 11:36:00,Pao c/ Linguica,12.0,1,12.0,Dinheiro,Janeiro,12.0,0.0
2026-01-06 12:03:00,Suco Abacaxi,8.0,2,16.0,Cartão Crédito,Janeiro,16.0,0.0
2026-01-06 12:23:00,Misto c/ Queijo e Peito de Peru,12.0,1,12.0,Dinheiro,Janeiro,12.0,0.0
2026-01-06 12:34:00,Vitamina Abacate,15.0,1,15.0,Dinheiro,Janeiro,15.0,0.0
2026-01-06 12:35:00,Suco Abacaxi c/ Hortela e Gengibre,8.0,1,8.0,Cartão Crédito,Janeiro,8.0,0.0
2026-01-06 13:12:00,Tapioca Frango c/ Cheddar,18.0,1,18.0,Cartão Débito,Janeiro,18.0,0.0
2026-01-06 13:34:00,Pao c/ Ovo e Bacon,12.0,2,24.0,Cartão Crédito,Janeiro,24.0,0.0
2026-01-06 14:20:00,Tapioca Frango c/ Catupiry,18.0,1,18.0,Pix,Janeiro,18.0,0.0
2026-01-06 15:04:00,Tapioca Frango c/ Catupiry,18.0,1,18.0,Pix,Janeiro,18.0,0.0
2026-01-06 16:59:00,Pao c/ Ovo e Bacon,12.0,2,24.0,Dinheiro,Janeiro,24.0,0.0
2026-01-06 17:04:00,Pao c/ Ovo e Bacon,12.0,2,24.0,Pix,Janeiro,24.0,0.0
2026-01-06 18:15:00,Pao c/ Ovo e Bacon,12.0,1,12.0,Cartão Débito,Janeiro,12.0,0.0
2026-01-06 18:16:00,Vitamina Abacate,15.0,1,15.0,Cartão Débito,Janeiro,15.0,0.0
2026-01-06 18:33:00,Tapioca Queijo Branco c/ Peito de Peru,16.0,1,16.0,Dinheiro,Janeiro,16.0,0.0
2026-01-06 18:44:00,Misto c/ Ovo,10.0,1,10.0,Pix,Janeiro,10.0,0.0
2026-01-06 18:49:00,Vitamina Morango,15.0,3,45.0,Cartão Débito,Janeiro,45.0,0.0
2026-01-06 19:20:00,Limonada Suíça,9.0,1,9.0,Pix,Janeiro,9.0,0.0
2026-01-06 19:25:00,Suco Maracuja c/ Morango,8.0,1,8.0,Dinheiro,Janeiro,8.0,0.0
2026-01-07 08:04:00,Tapioca Bacon c/ Queijo e Requeijao,18.0,1,18.0,Pix,Janeiro,18.0,0.0
2026-01-07 08:38:00,"Suco Beterraba c/ Cenoura, Laranja, Limao e Gengibre",8.0,3,24.0,Pix,Janeiro,24.0,0.0
2026-01-07 09:40:00,Açaí,12.0,1,12.0,Pix,Janeiro,12.0,0.0
2026-01-07 10:07:00,Tapioca Queijo c/ Presunto,16.0,2,32.0,Pix,Janeiro,32.0,0.0
2026-01-07 10:18:00,Tapioca Carne Seca c/ Catupiry,20.0,1,20.0,Cartão Débito,Janeiro,20.0,0.0
2026-01-07 10:24:00,Morango,11.0,2,22.0,Pix,Janeiro,22.0,0.0
2026-01-07 11:02:00,Suco Abacaxi c/ Hortela e Gengibre,8.0,1,8.0,Cartão Débito,Janeiro,8.0,0.0
2026-01-07 11:05:00,Tapioca Frango c/ Queijo,18.0,1,18.0,Dinheiro,Janeiro,18.0,0.0
2026-01-07 12:04:00,Suco Goiaba,8.0,2,16.0,Cartão Débito,Janeiro,16.0,0.0
2026-01-07 12:45:00,Tapioca Romeu e Julieta,16.0,2,32.0,Dinheiro,Janeiro,32.0,0.0
2026-01-07 13:16:00,Tapioca Romeu e Julieta,16.0,1,16.0,Dinheiro,Janeiro,16.0,0.0
2026-01-07 14:29:00,Tapioca Bacon c/ Ovos e Queijo,18.0,2,36.0,Dinheiro,Janeiro,36.0,0.0
2026-01-07 14:39:00,Suco Manga,8.0,2,16.0,Dinheiro,Janeiro,16.0,0.0
2026-01-07 14:42:00,Suco Manga,8.0,1,8.0,Cartão Débito,Janeiro,8.0,0.0
2026-01-07 14:50:00,Tapioca Coco c/ Leite Condensado,16.0,1,16.0,Pix,Janeiro,16.0,0.0
2026-01-07 15:28:00,Vitamina Abacate,15.0,1,15.0,Cartão Débito,Janeiro,15.0,0.0
2026-01-07 15:35:00,Morango,11.0,1,11.0,Dinheiro,Janeiro,11.0,0.0
2026-01-07 15:47:00,Limonada Suíça,9.0,1,9.0,Pix,Janeiro,9.0,0.0
2026-01-07 16:17:00,Suco Abacaxi c/ Hortela e Gengibre,8.0,1,8.0,Pix,Janeiro,8.0,0.0
2026-01-07 16:38:00,Tapioca Queijo c/ Presunto,16.0,1,16.0,Cartão Crédito,Janeiro,16.0,0.0
2026-01-07 17:57:00,Limonada Suíça,9.0,1,9.0,Dinheiro,Janeiro,9.0,0.0
2026-01-07 18:19:00,Tapioca Frango c/ Cheddar,18.0,1,18.0,Pix,Janeiro,18.0,0.0
2026-01-07 18:57:00,Pao c/ Ovo e Bacon,12.0,1,12.0,Pix,Janeiro,12.0,0.0
2026-01-07 18:58:00,Tapioca Frango c/ Cheddar,18.0,3,54.0,Cartão Crédito,Janeiro,54.0,0.0
2026-01-07 19:34:00,Misto Quente,8.0,1,8.0,Pix,Janeiro,8.0,0.0
2026-01-07 19:50:00,Salada de frutas,12.0,2,24.0,Cartão Crédito,Janeiro,24.0,0.0
2026-01-07 20:09:00,Tapioca Romeu e Julieta,16.0,1,16.0,Dinheiro,Janeiro,16.0,0.0
2026-01-07 20:09:00,Tapioca Carne Seca c/ Requeijao,22.0,1,22.0,Pix,Janeiro,22.0,0.0
2026-01-07 20:14:00,Misto c/ Ovo,10.0,2,20.0,Dinheiro,Janeiro,20.0,0.0
2026-01-08 08:42:00,Tapioca Queijo c/ Presunto,16.0,1,16.0,Cartão Débito,Janeiro,16.0,0.0
2026-01-08 10:05:00,Tapioca Queijo c/ Presunto,16.0,1,16.0,Pix,Janeiro,16.0,0.0
2026-01-08 10:49:00,Vitamina Morango,15.0,1,15.0,Cartão Crédito,Janeiro,15.0,0.0
2026-01-08 11:20:00,Tapioca Frango c/ Requeijao,20.0,2,40.0,Cartão Débito,Janeiro,40.0,0.0
2026-01-08 11:31:00,Tapioca Carne Seca c/ Catupiry,20.0,1,20.0,Cartão Crédito,Janeiro,20.0,0.0
2026-01-08 11:53:00,Açaí,12.0,2,24.0,Dinheiro,Janeiro,24.0,0.0
2026-01-08 13:53:00,Pao c/ Ovo e Bacon,12.0,1,12.0,Dinheiro,Janeiro,12.0,0.0
2026-01-08 14:40:00,Tapioca Bacon c/ Queijo e Requeijao,18.0,1,18.0,Cartão Débito,Janeiro,18.0,0.0
2026-01-08 14:45:00,Morango,11.0,3,33.0,Pix,Janeiro,33.0,0.0
2026-01-08 14:51:00,Tapioca Bacon c/ Queijo e Requeijao,18.0,3,54.0,Cartão Crédito,Janeiro,54.0,0.0
2026-01-08 15:01:00,Misto Quente,8.0,1,8.0,Cartão Crédito,Janeiro,8.0,0.0
2026-01-08 15:03:00,Suco Abacaxi c/ Hortela e Gengibre,8.0,2,16.0,Dinheiro,Janeiro,16.0,0.0
2026-01-08 15:35:00,Limonada Suíça,9.0,3,27.0,Cartão Débito,Janeiro,27.0,0.0
2026-01-08 15:53:00,Tapioca Frango c/ Queijo,18.0,2,36.0,Cartão Crédito,Janeiro,36.0,0.0
2026-01-08 16:32:00,Tapioca Nutella c/ Oreo,17.0,1,17.0,Cartão Débito,Janeiro,17.0,0.0
2026-01-08 17:29:00,Tapioca Queijo c/ Presunto,16.0,1,16.0,Pix,Janeiro,16.0,0.0
2026-01-08 17:32:00,"Pao c/ Ovo, Bacon e Queijo Coalho",15.0,1,15.0,Dinheiro,Janeiro,15.0,0.0
2026-01-08 18:09:00,Salada de frutas,12.0,1,12.0,Cartão Crédito,Janeiro,12.0,0.0
2026-01-08 19:52:00,Pao c/ Ovo e Bacon,12.0,2,24.0,Dinheiro,Janeiro,24.0,0.0
2026-01-08 19:56:00,Tapioca Carne Seca c/ Queijo,20.0,2,40.0,Cartão Crédito,Janeiro,40.0,0.0
2026-01-08 20:15:00,Misto c/ Ovo,10.0,1,10.0,Dinheiro,Janeiro,10.0,0.0
2026-01-08 20:50:00,Pao c/ Linguica,12.0,1,12.0,Pix,Janeiro,12.0,0.0
2026-01-09 09:29:00,Tapioca Calabresa c/ Queijo,16.0,1,16.0,Dinheiro,Janeiro,16.0,0.0
2026-01-09 10:31:00,Vitamina Maracuja,15.0,1,15.0,Dinheiro,Janeiro,15.0,0.0
2026-01-09 11:20:00,Tapioca Carne Seca c/ Requeijao,22.0,1,22.0,Cartão Débito,Janeiro,22.0,0.0
2026-01-09 11:22:00,Vitamina Morango,15.0,1,15.0,Dinheiro,Janeiro,15.0,0.0
2026-01-09 12:28:00,Tapioca Carne Seca c/ Catupiry,20.0,1,20.0,Cartão Débito,Janeiro,20.0,0.0
2026-01-09 12:39:00,Tapioca Frango c/ Cheddar,18.0,1,18.0,Cartão Débito,Janeiro,18.0,0.0
2026-01-09 13:04:00,Tapioca Bacon c/ Ovos e Queijo,18.0,2,36.0,Cartão Crédito,Janeiro,36.0,0.0
2026-01-09 13:12:00,Tapioca Carne Seca c/ Requeijao,22.0,1,22.0,Dinheiro,Janeiro,22.0,0.0
2026-01-09 13:21:00,Tapioca Nutella,16.0,1,16.0,Cartão Crédito,Janeiro,16.0,0.0
2026-01-09 14:55:00,Suco Manga,8.0,1,8.0,Cartão Crédito,Janeiro,8.0,0.0
2026-01-09 15:04:00,Suco Limao,8.0,1,8.0,Cartão Crédito,Janeiro,8.0,0.0
2026-01-09 15:56:00,Tapioca Carne Seca c/ Cheddar,20.0,1,20.0,Pix,Janeiro,20.0,0.0
2026-01-09 16:12:00,Tapioca Calabresa c/ Queijo,16.0,3,48.0,Dinheiro,Janeiro,48.0,0.0
2026-01-09 17:10:00,Tapioca Carne Seca c/ Catupiry,20.0,1,20.0,Pix,Janeiro,20.0,0.0
2026-01-09 17:42:00,Misto c/ Queijo e Peito de Peru,12.0,1,12.0,Cartão Crédito,Janeiro,12.0,0.0
2026-01-09 18:16:00,Vitamina Abacate,15.0,1,15.0,Cartão Débito,Janeiro,15.0,0.0
2026-01-09 18:43:00,Pao c/ Linguica,12.0,1,12.0,Cartão Débito,Janeiro,12.0,0.0
2026-01-09 18:52:00,Morango,11.0,1,11.0,Pix,Janeiro,11.0,0.0
2026-01-09 19:50:00,Suco Laranja c/ Acerola,8.0,1,8.0,Cartão Crédito,Janeiro,8.0,0.0
2026-01-09 19:58:00,Suco Laranja,8.0,3,24.0,Dinheiro,Janeiro,24.0,0.0
2026-01-10 08:04:00,Verde Detox,10.0,1,10.0,Cartão Débito,Janeiro,10.0,0.0
2026-01-10 08:57:00,Vitamina Abacate,15.0,1,15.0,Dinheiro,Janeiro,15.0,0.0
2026-01-10 10:18:00,Tapioca Carne Seca c/ Catupiry,20.0,1,20.0,Dinheiro,Janeiro,20.0,0.0
2026-01-10 10:49:00,Vitamina Banana c/ Aveia,15.0,3,45.0,Pix,Janeiro,45.0,0.0
2026-01-10 11:46:00,Fielzao,18.0,2,36.0,Cartão Débito,Janeiro,36.0,0.0
2026-01-10 11:46:00,Vitamina Maracuja,15.0,1,15.0,Cartão Crédito,Janeiro,15.0,0.0
2026-01-10 12:02:00,Tapioca Calabresa c/ Queijo,16.0,2,32.0,Cartão Crédito,Janeiro,32.0,0.0
2026-01-10 12:24:00,Misto Quente,8.0,1,8.0,Pix,Janeiro,8.0,0.0
2026-01-10 13:12:00,Tapioca Frango c/ Catupiry,18.0,1,18.0,Pix,Janeiro,18.0,0.0
2026-01-10 13:59:00,Suco Limao,8.0,1,8.0,Pix,Janeiro,8.0,0.0
2026-01-10 15:06:00,Tapioca Frango c/ Cheddar,18.0,2,36.0,Pix,Janeiro,36.0,0.0
2026-01-10 15:28:00,Limonada Suíça,9.0,2,18.0,Pix,Janeiro,18.0,0.0
2026-01-10 15:56:00,Tapioca Queijo Branco c/ Peito de Peru,16.0,1,16.0,Pix,Janeiro,16.0,0.0
2026-01-10 16:03:00,Pao c/ Linguica,12.0,1,12.0,Dinheiro,Janeiro,12.0,0.0
2026-01-10 17:25:00,Pao c/ Ovo e Bacon,12.0,1,12.0,Pix,Janeiro,12.0,0.0
2026-01-10 19:23:00,"Pao c/ Ovo, Bacon e Queijo Coalho",15.0,1,15.0,Pix,Janeiro,15.0,0.0
2026-01-10 19:30:00,Tapioca Bacon c/ Ovos e Queijo,18.0,2,36.0,Dinheiro,Janeiro,36.0,0.0
2026-01-10 19:37:00,Tapioca Nutella,16.0,1,16.0,Cartão Crédito,Janeiro,16.0,0.0
2026-01-10 20:24:00,Manga,9.5,1,9.5,Pix,Janeiro,9.5,0.0
2026-01-10 20:31:00,Tapioca Bacon c/ Queijo e Requeijao,18.0,3,54.0,Pix,Janeiro,54.0,0.0
2026-01-10 20:32:00,Suco Limao,8.0,1,8.0,Cartão Crédito,Janeiro,8.0,0.0
2026-01-10 20:41:00,Fielzao,18.0,2,36.0,Cartão Crédito,Janeiro,36.0,0.0
2026-01-10 20:56:00,Tapioca Calabresa c/ Queijo,16.0,2,32.0,Cartão Crédito,Janeiro,32.0,0.0
2026-01-11 10:03:00,Tapioca Bacon c/ Ovos e Queijo,18.0,1,18.0,Cartão Crédito,Janeiro,18.0,0.0
2026-01-11 10:13:00,Suco Laranja c/ Acerola,8.0,1,8.0,Cartão Crédito,Janeiro,8.0,0.0
2026-01-11 10:38:00,Manga,9.5,1,9.5,Cartão Crédito,Janeiro,9.5,0.0
2026-01-11 10:56:00,Vitamina Banana c/ Aveia,15.0,2,30.0,Cartão Crédito,Janeiro,30.0,0.0
2026-01-11 11:33:00,Fielzao,18.0,2,36.0,Cartão Débito,Janeiro,36.0,0.0
2026-01-11 11:46:00,Tapioca Queijo c/ Presunto,16.0,1,16.0,Cartão Débito,Janeiro,16.0,0.0
2026-01-11 11:56:00,Suco Melancia,8.0,1,8.0,Pix,Janeiro,8.0,0.0
2026-01-11 12:40:00,Tapioca Bacon c/ Ovos e Queijo,18.0,2,36.0,Cartão Débito,Janeiro,36.0,0.0
2026-01-11 12:47:00,Pao c/ Linguica,12.0,1,12.0,Dinheiro,Janeiro,12.0,0.0
2026-01-11 12:49:00,Suco Abacaxi,8.0,1,8.0,Dinheiro,Janeiro,8.0,0.0
2026-01-11 12:59:00,Suco Maracuja c/ Morango,8.0,1,8.0,Dinheiro,Janeiro,8.0,0.0
2026-01-11 13:14:00,Açaí,12.0,1,12.0,Cartão Débito,Janeiro,12.0,0.0
2026-01-11 13:33:00,Tapioca Nutella c/ Oreo,17.0,1,17.0,Cartão Crédito,Janeiro,17.0,0.0
2026-01-11 14:11:00,Tapioca Coco c/ Leite Condensado,16.0,2,32.0,Pix,Janeiro,32.0,0.0
2026-01-11 15:45:00,Tapioca Carne Seca c/ Queijo,20.0,1,20.0,Pix,Janeiro,20.0,0.0
2026-01-11 16:10:00,Suco Maracuja c/ Morango,8.0,1,8.0,Cartão Crédito,Janeiro,8.0,0.0
2026-01-11 17:15:00,Tapioca Romeu e Julieta,16.0,2,32.0,Dinheiro,Janeiro,32.0,0.0
2026-01-11 17:17:00,"Pao c/ Ovo, Bacon e Queijo Coalho",15.0,1,15.0,Cartão Crédito,Janeiro,15.0,0.0
2026-01-11 17:25:00,Tapioca Calabresa c/ Queijo,16.0,1,16.0,Cartão Crédito,Janeiro,16.0,0.0
2026-01-11 19:12:00,Misto Quente,8.0,1,8.0,Pix,Janeiro,8.0,0.0
2026-01-11 19:21:00,Sanduiche Natural,10.0,1,10.0,Dinheiro,Janeiro,10.0,0.0
2026-01-11 19:49:00,Tapioca Frango c/ Catupiry,18.0,1,18.0,Dinheiro,Janeiro,18.0,0.0
2026-01-11 19:55:00,Suco Abacaxi c/ Hortela e Gengibre,8.0,2,16.0,Dinheiro,Janeiro,16.0,0.0
2026-01-12 09:17:00,"Tapioca Queijo c/ Presunto, Calabresa e Cheddar",16.0,3,48.0,Cartão Crédito,Janeiro,48.0,0.0
2026-01-12 09:50:00,Tapioca Carne Seca c/ Catupiry,20.0,1,20.0,Cartão Crédito,Janeiro,20.0,0.0
2026-01-12 10:27:00,Suco Abacaxi c/ Hortela e Gengibre,8.0,1,8.0,Dinheiro,Janeiro,8.0,0.0
2026-01-12 10:32:00,Vitamina Maracuja,15.0,1,15.0,Dinheiro,Janeiro,15.0,0.0
2026-01-12 10:33:00,Suco Goiaba,8.0,1,8.0,Dinheiro,Janeiro,8.0,0.0
2026-01-12 10:47:00,Tapioca Frango c/ Requeijao,20.0,2,40.0,Cartão Débito,Janeiro,40.0,0.0
2026-01-12 11:50:00,Suco Melancia,8.0,1,8.0,Cartão Débito,Janeiro,8.0,0.0
2026-01-12 11:52:00,Misto c/ Ovo,10.0,1,10.0,Dinheiro,Janeiro,10.0,0.0
2026-01-12 12:49:00,Tapioca Carne Seca c/ Cheddar,20.0,1,20.0,Dinheiro,Janeiro,20.0,0.0
2026-01-12 13:00:00,Suco Goiaba,8.0,1,8.0,Cartão Débito,Janeiro,8.0,0.0
2026-01-12 14:23:00,Suco Laranja,8.0,3,24.0,Dinheiro,Janeiro,24.0,0.0
2026-01-12 14:39:00,Tapioca Frango c/ Queijo,18.0,2,36.0,Pix,Janeiro,36.0,0.0
2026-01-12 15:27:00,Tapioca Romeu e Julieta,16.0,1,16.0,Cartão Débito,Janeiro,16.0,0.0
2026-01-12 17:15:00,Tapioca Bacon c/ Ovos e Queijo,18.0,1,18.0,Dinheiro,Janeiro,18.0,0.0
2026-01-12 19:15:00,Tapioca Carne Seca c/ Queijo,20.0,1,20.0,Pix,Janeiro,20.0,0.0
2026-01-12 20:57:00,Suco Abacaxi c/ Hortela e Gengibre,8.0,2,16.0,Dinheiro,Janeiro,16.0,0.0
2026-01-13 09:36:00,Misto c/ Ovo,10.0,3,30.0,Dinheiro,Janeiro,30.0,0.0
2026-01-13 09:43:00,Tapioca Queijo c/ Presunto,16.0,1,16.0,Cartão Débito,Janeiro,16.0,0.0
2026-01-13 10:16:00,Misto c/ Ovo,10.0,1,10.0,Pix,Janeiro,10.0,0.0
2026-01-13 10:17:00,Tapioca Carne Seca c/ Queijo,20.0,1,20.0,Cartão Crédito,Janeiro,20.0,0.0
2026-01-13 10:21:00,"Pao c/ Ovo, Bacon e Queijo Coalho",15.0,2,30.0,Cartão Débito,Janeiro,30.0,0.0
2026-01-13 10:46:00,Tapioca Carne Seca c/ Cheddar,20.0,1,20.0,Pix,Janeiro,20.0,0.0
2026-01-13 10:57:00,Salada de frutas,12.0,1,12.0,Dinheiro,Janeiro,12.0,0.0
2026-01-13 11:43:00,Tapioca Nutella,16.0,1,16.0,Pix,Janeiro,16.0,0.0
2026-01-13 13:12:00,Suco Abacaxi,8.0,1,8.0,Dinheiro,Janeiro,8.0,0.0
2026-01-13 13:14:00,Suco Limao,8.0,2,16.0,Dinheiro,Janeiro,16.0,0.0
2026-01-13 13:57:00,Tapioca Nutella,16.0,2,32.0,Pix,Janeiro,32.0,0.0
2026-01-13 14:23:00,Tapioca Queijo c/ Presunto,16.0,1,16.0,Dinheiro,Janeiro,16.0,0.0
2026-01-13 14:30:00,Suco Maracuja,8.0,2,16.0,Cartão Crédito,Janeiro,16.0,0.0
2026-01-13 14:32:00,Tapioca Romeu e Julieta,16.0,1,16.0,Cartão Débito,Janeiro,16.0,0.0
2026-01-13 15:22:00,Vitamina Morango,15.0,1,15.0,Pix,Janeiro,15.0,0.0
2026-01-13 15:31:00,Tapioca Coco c/ Leite Condensado,16.0,3,48.0,Pix,Janeiro,48.0,0.0
2026-01-13 16:19:00,Tapioca Nutella,16.0,1,16.0,Cartão Crédito,Janeiro,16.0,0.0
2026-01-13 16:40:00,Tapioca Queijo c/ Presunto,16.0,1,16.0,Pix,Janeiro,16.0,0.0
2026-01-13 17:13:00,Suco Abacaxi,8.0,1,8.0,Cartão Crédito,Janeiro,8.0,0.0
2026-01-13 17:29:00,Suco Limao c/ Inhame,8.0,1,8.0,Dinheiro,Janeiro,8.0,0.0
2026-01-13 18:44:00,Tapioca Carne Seca c/ Cheddar,20.0,1,20.0,Dinheiro,Janeiro,20.0,0.0
2026-01-13 19:00:00,Vitamina Abacate,15.0,1,15.0,Pix,Janeiro,15.0,0.0
2026-01-13 20:42:00,Tapioca Calabresa c/ Cheddar,16.0,1,16.0,Pix,Janeiro,16.0,0.0
2026-01-13 20:42:00,Tapioca Queijo Branco c/ Peito de Peru,16.0,2,32.0,Dinheiro,Janeiro,32.0,0.0
2026-01-14 08:02:00,Suco Laranja c/ Acerola,8.0,3,24.0,Pix,Janeiro,24.0,0.0
2026-01-14 08:56:00,Vitamina Abacate,15.0,1,15.0,Cartão Crédito,Janeiro,15.0,0.0
2026-01-14 09:31:00,Suco Goiaba,8.0,1,8.0,Dinheiro,Janeiro,8.0,0.0
2026-01-14 10:28:00,Vitamina Morango,15.0,2,30.0,Cartão Débito,Janeiro,30.0,0.0
2026-01-14 11:21:00,Tapioca Nutella,16.0,2,32.0,Cartão Crédito,Janeiro,32.0,0.0
2026-01-14 11:57:00,Tapioca Queijo c/ Presunto,16.0,3,48.0,Cartão Crédito,Janeiro,48.0,0.0
2026-01-14 12:32:00,Vitamina Banana c/ Aveia,15.0,1,15.0,Pix,Janeiro,15.0,0.0
2026-01-14 13:30:00,Vitamina Banana c/ Aveia,15.0,1,15.0,Cartão Crédito,Janeiro,15.0,0.0
2026-01-14 15:17:00,Vitamina Morango,15.0,3,45.0,Cartão Débito,Janeiro,45.0,0.0
2026-01-14 15:29:00,Suco Laranja c/ Couve e Hortela,8.0,2,16.0,Cartão Débito,Janeiro,16.0,0.0
2026-01-14 15:51:00,Tapioca Bacon c/ Queijo e Requeijao,18.0,1,18.0,Dinheiro,Janeiro,18.0,0.0
2026-01-14 15:58:00,"Pao c/ Ovo, Bacon e Queijo Coalho",15.0,2,30.0,Cartão Crédito,Janeiro,30.0,0.0
2026-01-14 16:58:00,Suco Manga,8.0,1,8.0,Pix,Janeiro,8.0,0.0
2026-01-14 18:05:00,Tapioca Carne Seca c/ Cheddar,20.0,1,20.0,Pix,Janeiro,20.0,0.0
2026-01-14 18:23:00,Tapioca Frango c/ Cheddar,18.0,1,18.0,Cartão Débito,Janeiro,18.0,0.0
2026-01-14 19:03:00,Suco Laranja c/ Acerola,8.0,1,8.0,Dinheiro,Janeiro,8.0,0.0
2026-01-14 19:22:00,Misto Quente,8.0,1,8.0,Dinheiro,Janeiro,8.0,0.0
2026-01-14 20:34:00,Suco Goiaba,8.0,1,8.0,Cartão Crédito,Janeiro,8.0,0.0
2026-01-14 20:37:00,Suco Laranja c/ Acerola,8.0,1,8.0,Cartão Débito,Janeiro,8.0,0.0
2026-01-14 20:46:00,Tapioca Bacon c/ Ovos e Queijo,18.0,1,18.0,Pix,Janeiro,18.0,0.0
2026-01-14 20:48:00,Tapioca Coco c/ Leite Condensado,16.0,1,16.0,Cartão Crédito,Janeiro,16.0,0.0
2026-01-14 20:59:00,Suco Limao c/ Inhame,8.0,1,8.0,Pix,Janeiro,8.0,0.0
2026-01-15 08:52:00,Tapioca Carne Seca c/ Cheddar,20.0,1,20.0,Cartão Crédito,Janeiro,20.0,0.0
2026-01-15 09:04:00,Pao c/ Linguica,12.0,1,12.0,Dinheiro,Janeiro,12.0,0.0
2026-01-15 09:12:00,Tapioca Carne Seca c/ Requeijao,22.0,1,22.0,Pix,Janeiro,22.0,0.0
2026-01-15 10:45:00,Vitamina Maracuja,15.0,1,15.0,Cartão Crédito,Janeiro,15.0,0.0
2026-01-15 10:54:00,Tapioca Frango c/ Catupiry,18.0,2,36.0,Pix,Janeiro,36.0,0.0
2026-01-15 11:16:00,Pao c/ Linguica,12.0,1,12.0,Cartão Débito,Janeiro,12.0,0.0
2026-01-15 11:44:00,Tapioca Frango c/ Requeijao,20.0,1,20.0,Dinheiro,Janeiro,20.0,0.0
2026-01-15 12:09:00,Suco Melancia,8.0,1,8.0,Cartão Crédito,Janeiro,8.0,0.0
2026-01-15 13:53:00,Morango,11.0,3,33.0,Cartão Crédito,Janeiro,33.0,0.0
2026-01-15 14:06:00,Tapioca Bacon c/ Ovos e Queijo,18.0,2,36.0,Dinheiro,Janeiro,36.0,0.0
2026-01-15 15:02:00,Tapioca Carne Seca c/ Cheddar,20.0,1,20.0,Cartão Crédito,Janeiro,20.0,0.0
2026-01-15 15:13:00,Tapioca Calabresa c/ Queijo,16.0,1,16.0,Dinheiro,Janeiro,16.0,0.0
2026-01-15 15:30:00,Suco Abacaxi,8.0,1,8.0,Cartão Débito,Janeiro,8.0,0.0
2026-01-15 15:40:00,Verde Detox,10.0,1,10.0,Cartão Crédito,Janeiro,10.0,0.0
2026-01-15 16:59:00,Tapioca Frango c/ Cheddar,18.0,2,36.0,Dinheiro,Janeiro,36.0,0.0
2026-01-15 18:28:00,Sanduiche Natural,10.0,1,10.0,Cartão Débito,Janeiro,10.0,0.0
2026-01-15 18:51:00,Pao c/ Linguica,12.0,3,36.0,Cartão Crédito,Janeiro,36.0,0.0
2026-01-15 18:55:00,Misto c/ Ovo,10.0,2,20.0,Cartão Débito,Janeiro,20.0,0.0
2026-01-15 19:29:00,Tapioca Bacon c/ Ovos e Queijo,18.0,1,18.0,Pix,Janeiro,18.0,0.0
2026-01-15 19:56:00,Açaí,12.0,1,12.0,Pix,Janeiro,12.0,0.0
2026-01-15 19:58:00,Vitamina Banana c/ Aveia,15.0,1,15.0,Pix,Janeiro,15.0,0.0
2026-01-16 09:36:00,Suco Manga,8.0,1,8.0,Cartão Crédito,Janeiro,8.0,0.0
2026-01-16 09:46:00,Tapioca Frango c/ Queijo,18.0,2,36.0,Cartão Crédito,Janeiro,36.0,0.0
2026-01-16 09:47:00,Suco Abacaxi,8.0,1,8.0,Dinheiro,Janeiro,8.0,0.0
2026-01-16 10:08:00,Misto Quente,8.0,2,16.0,Cartão Débito,Janeiro,16.0,0.0
2026-01-16 10:35:00,Suco Goiaba,8.0,1,8.0,Dinheiro,Janeiro,8.0,0.0
2026-01-16 10:54:00,Suco Maracuja c/ Morango,8.0,3,24.0,Cartão Crédito,Janeiro,24.0,0.0
2026-01-16 11:09:00,Açaí,12.0,1,12.0,Cartão Débito,Janeiro,12.0,0.0
2026-01-16 11:39:00,Suco Goiaba,8.0,2,16.0,Dinheiro,Janeiro,16.0,0.0
2026-01-16 12:07:00,Tapioca Frango c/ Queijo,18.0,1,18.0,Dinheiro,Janeiro,18.0,0.0
2026-01-16 12:59:00,Suco Laranja c/ Morango,8.0,1,8.0,Pix,Janeiro,8.0,0.0
2026-01-16 13:18:00,Suco Maracuja,8.0,1,8.0,Cartão Débito,Janeiro,8.0,0.0
2026-01-16 13:54:00,Açaí,12.0,3,36.0,Cartão Crédito,Janeiro,36.0,0.0
2026-01-16 14:05:00,Suco Melancia,8.0,1,8.0,Pix,Janeiro,8.0,0.0
2026-01-16 14:48:00,Tapioca Nutella,16.0,1,16.0,Cartão Débito,Janeiro,16.0,0.0
2026-01-16 17:03:00,Suco Goiaba,8.0,2,16.0,Dinheiro,Janeiro,16.0,0.0
2026-01-16 17:36:00,Suco Limao,8.0,2,16.0,Pix,Janeiro,16.0,0.0
2026-01-16 18:11:00,Morango,11.0,1,11.0,Dinheiro,Janeiro,11.0,0.0
2026-01-16 18:13:00,Tapioca Nutella,16.0,1,16.0,Dinheiro,Janeiro,16.0,0.0
2026-01-16 18:38:00,Tapioca Queijo c/ Presunto,16.0,1,16.0,Pix,Janeiro,16.0,0.0
2026-01-16 19:44:00,Vitamina Morango,15.0,1,15.0,Cartão Crédito,Janeiro,15.0,0.0
2026-01-17 08:02:00,Suco Laranja c/ Morango,8.0,2,16.0,Pix,Janeiro,16.0,0.0
2026-01-17 08:15:00,Tapioca Calabresa c/ Cheddar,16.0,1,16.0,Cartão Crédito,Janeiro,16.0,0.0
2026-01-17 08:35:00,Suco Manga,8.0,2,16.0,Dinheiro,Janeiro,16.0,0.0
2026-01-17 09:35:00,Tapioca Queijo Branco c/ Peito de Peru,16.0,2,32.0,Cartão Débito,Janeiro,32.0,0.0
2026-01-17 09:54:00,Pao c/ Ovo e Bacon,12.0,3,36.0,Pix,Janeiro,36.0,0.0
2026-01-17 10:32:00,Sanduiche Natural,10.0,1,10.0,Cartão Débito,Janeiro,10.0,0.0
2026-01-17 10:32:00,Sanduiche Natural,10.0,1,10.0,Dinheiro,Janeiro,10.0,0.0
2026-01-17 10:52:00,Tapioca Carne Seca c/ Queijo,20.0,2,40.0,Cartão Débito,Janeiro,40.0,0.0
2026-01-17 11:24:00,Vitamina Morango,15.0,1,15.0,Cartão Débito,Janeiro,15.0,0.0
2026-01-17 11:29:00,Pao c/ Linguica,12.0,1,12.0,Cartão Débito,Janeiro,12.0,0.0
2026-01-17 11:31:00,Tapioca Calabresa c/ Cheddar,16.0,1,16.0,Cartão Débito,Janeiro,16.0,0.0
2026-01-17 11:48:00,Tapioca Calabresa c/ Queijo,16.0,1,16.0,Dinheiro,Janeiro,16.0,0.0
2026-01-17 12:41:00,"Tapioca Queijo c/ Presunto, Calabresa e Cheddar",16.0,1,16.0,Pix,Janeiro,16.0,0.0
2026-01-17 12:45:00,Suco Abacaxi c/ Hortela e Gengibre,8.0,1,8.0,Cartão Crédito,Janeiro,8.0,0.0
2026-01-17 13:38:00,Tapioca Queijo Branco c/ Peito de Peru,16.0,1,16.0,Cartão Crédito,Janeiro,16.0,0.0
2026-01-17 15:11:00,Suco Laranja c/ Morango,8.0,2,16.0,Cartão Débito,Janeiro,16.0,0.0
2026-01-17 15:11:00,Tapioca Frango c/ Requeijao,20.0,1,20.0,Cartão Débito,Janeiro,20.0,0.0
2026-01-17 15:44:00,Misto c/ Queijo e Peito de Peru,12.0,3,36.0,Dinheiro,Janeiro,36.0,0.0
2026-01-17 15:56:00,Suco Abacaxi c/ Hortela e Gengibre,8.0,1,8.0,Pix,Janeiro,8.0,0.0
2026-01-17 16:14:00,Suco Laranja c/ Couve e Hortela,8.0,1,8.0,Cartão Débito,Janeiro,8.0,0.0
2026-01-17 16:32:00,Suco Limao c/ Inhame,8.0,1,8.0,Pix,Janeiro,8.0,0.0
2026-01-17 16:45:00,Suco Maracuja,8.0,2,16.0,Cartão Crédito,Janeiro,16.0,0.0
2026-01-17 16:52:00,Sanduiche Natural,10.0,1,10.0,Cartão Débito,Janeiro,10.0,0.0
2026-01-17 17:13:00,Limonada Suíça,9.0,1,9.0,Cartão Crédito,Janeiro,9.0,0.0
2026-01-17 18:40:00,Suco Manga,8.0,1,8.0,Cartão Crédito,Janeiro,8.0,0.0
2026-01-17 18:58:00,"Pao c/ Ovo, Bacon e Queijo Coalho",15.0,1,15.0,Cartão Débito,Janeiro,15.0,0.0
2026-01-17 19:52:00,Tapioca Carne Seca c/ Requeijao,22.0,1,22.0,Pix,Janeiro,22.0,0.0
2026-01-17 19:53:00,Tapioca Frango c/ Queijo,18.0,1,18.0,Cartão Débito,Janeiro,18.0,0.0
2026-01-18 08:06:00,Misto c/ Queijo e Peito de Peru,12.0,2,24.0,Cartão Crédito,Janeiro,24.0,0.0
2026-01-18 08:18:00,Tapioca Queijo Branco c/ Peito de Peru,16.0,1,16.0,Cartão Débito,Janeiro,16.0,0.0
2026-01-18 09:03:00,Suco Limao c/ Inhame,8.0,1,8.0,Cartão Débito,Janeiro,8.0,0.0
2026-01-18 09:15:00,Suco Manga,8.0,1,8.0,Cartão Débito,Janeiro,8.0,0.0
2026-01-18 09:21:00,Suco Laranja c/ Acerola,8.0,1,8.0,Cartão Débito,Janeiro,8.0,0.0
2026-01-18 09:57:00,Tapioca Nutella c/ Oreo,17.0,1,17.0,Dinheiro,Janeiro,17.0,0.0
2026-01-18 10:15:00,Suco Manga,8.0,2,16.0,Cartão Débito,Janeiro,16.0,0.0
2026-01-18 10:25:00,Tapioca Frango c/ Requeijao,20.0,1,20.0,Pix,Janeiro,20.0,0.0
2026-01-18 10:26:00,Tapioca Frango c/ Queijo,18.0,1,18.0,Pix,Janeiro,18.0,0.0
2026-01-18 10:42:00,Tapioca Queijo c/ Presunto,16.0,1,16.0,Dinheiro,Janeiro,16.0,0.0
2026-01-18 11:34:00,Suco Laranja c/ Morango,8.0,1,8.0,Dinheiro,Janeiro,8.0,0.0
2026-01-18 11:48:00,Suco Abacaxi,8.0,1,8.0,Cartão Crédito,Janeiro,8.0,0.0
2026-01-18 12:41:00,Pao c/ Linguica,12.0,1,12.0,Pix,Janeiro,12.0,0.0
2026-01-18 14:00:00,Vitamina Maracuja,15.0,2,30.0,Dinheiro,Janeiro,30.0,0.0
2026-01-18 14:02:00,"Suco Beterraba c/ Cenoura, Laranja, Limao e Gengibre",8.0,1,8.0,Pix,Janeiro,8.0,0.0
2026-01-18 14:32:00,"Suco Beterraba c/ Cenoura, Laranja, Limao e Gengibre",8.0,1,8.0,Pix,Janeiro,8.0,0.0
2026-01-18 14:43:00,Suco Abacaxi c/ Hortela e Gengibre,8.0,1,8.0,Cartão Crédito,Janeiro,8.0,0.0
2026-01-18 14:47:00,Suco Melancia,8.0,1,8.0,Pix,Janeiro,8.0,0.0
2026-01-18 14:51:00,"Tapioca Queijo c/ Presunto, Calabresa e Cheddar",16.0,3,48.0,Cartão Débito,Janeiro,48.0,0.0
2026-01-18 14:59:00,Misto c/ Ovo,10.0,1,10.0,Cartão Crédito,Janeiro,10.0,0.0
2026-01-18 15:10:00,Tapioca Frango c/ Requeijao,20.0,2,40.0,Dinheiro,Janeiro,40.0,0.0
2026-01-18 15:19:00,Vitamina Banana c/ Aveia,15.0,1,15.0,Pix,Janeiro,15.0,0.0
2026-01-18 15:34:00,Tapioca Nutella c/ Oreo,17.0,2,34.0,Cartão Débito,Janeiro,34.0,0.0
2026-01-18 15:35:00,Tapioca Calabresa c/ Queijo,16.0,1,16.0,Cartão Crédito,Janeiro,16.0,0.0
2026-01-18 15:37:00,Suco Limao,8.0,2,16.0,Dinheiro,Janeiro,16.0,0.0
2026-01-18 15:46:00,Tapioca Frango c/ Cheddar,18.0,1,18.0,Cartão Crédito,Janeiro,18.0,0.0
2026-01-18 16:19:00,"Pao c/ Ovo, Bacon e Queijo Coalho",15.0,1,15.0,Pix,Janeiro,15.0,0.0
2026-01-18 17:00:00,Tapioca Frango c/ Requeijao,20.0,2,40.0,Cartão Crédito,Janeiro,40.0,0.0
2026-01-18 17:05:00,Morango,11.0,2,22.0,Pix,Janeiro,22.0,0.0
2026-01-18 17:25:00,Tapioca Calabresa c/ Cheddar,16.0,3,48.0,Cartão Débito,Janeiro,48.0,0.0
2026-01-18 17:40:00,Tapioca Queijo c/ Presunto,16.0,1,16.0,Pix,Janeiro,16.0,0.0
2026-01-18 18:10:00,Limonada Suíça,9.0,1,9.0,Dinheiro,Janeiro,9.0,0.0
2026-01-18 18:53:00,Tapioca Carne Seca c/ Queijo,20.0,1,20.0,Dinheiro,Janeiro,20.0,0.0
2026-01-18 19:16:00,Sanduiche Natural,10.0,1,10.0,Cartão Crédito,Janeiro,10.0,0.0
2026-01-18 19:55:00,Suco Laranja c/ Couve e Hortela,8.0,2,16.0,Dinheiro,Janeiro,16.0,0.0
2026-01-18 20:23:00,Suco Manga,8.0,1,8.0,Cartão Débito,Janeiro,8.0,0.0
2026-01-18 20:28:00,Morango,11.0,1,11.0,Dinheiro,Janeiro,11.0,0.0
2026-01-18 20:36:00,Tapioca Coco c/ Leite Condensado,16.0,2,32.0,Cartão Crédito,Janeiro,32.0,0.0
2026-01-19 08:54:00,Tapioca Frango c/ Catupiry,18.0,1,18.0,Dinheiro,Janeiro,18.0,0.0
2026-01-19 09:14:00,Vitamina Banana c/ Aveia,15.0,1,15.0,Dinheiro,Janeiro,15.0,0.0
2026-01-19 09:35:00,Suco Limao c/ Inhame,8.0,1,8.0,Pix,Janeiro,8.0,0.0
2026-01-19 11:09:00,Tapioca Calabresa c/ Cheddar,16.0,1,16.0,Cartão Débito,Janeiro,16.0,0.0
2026-01-19 11:56:00,Suco Limao,8.0,1,8.0,Cartão Débito,Janeiro,8.0,0.0
2026-01-19 12:53:00,Tapioca Queijo Branco c/ Peito de Peru,16.0,1,16.0,Pix,Janeiro,16.0,0.0
2026-01-19 13:27:00,Suco Laranja c/ Acerola,8.0,1,8.0,Cartão Crédito,Janeiro,8.0,0.0
2026-01-19 14:42:00,Verde Detox,10.0,1,10.0,Pix,Janeiro,10.0,0.0
2026-01-19 14:57:00,Suco Laranja,8.0,1,8.0,Cartão Débito,Janeiro,8.0,0.0
2026-01-19 16:32:00,Fielzao,18.0,1,18.0,Dinheiro,Janeiro,18.0,0.0
2026-01-19 17:11:00,"Suco Beterraba c/ Cenoura, Laranja, Limao e Gengibre",8.0,1,8.0,Cartão Crédito,Janeiro,8.0,0.0
2026-01-19 19:00:00,Tapioca Queijo c/ Presunto,16.0,1,16.0,Dinheiro,Janeiro,16.0,0.0
2026-01-19 19:44:00,Tapioca Carne Seca c/ Queijo,20.0,1,20.0,Cartão Débito,Janeiro,20.0,0.0
2026-01-19 20:13:00,Suco Melancia,8.0,1,8.0,Cartão Crédito,Janeiro,8.0,0.0
2026-01-19 20:46:00,Tapioca Carne Seca c/ Requeijao,22.0,1,22.0,Cartão Crédito,Janeiro,22.0,0.0
2026-01-19 20:52:00,Tapioca Carne Seca c/ Queijo,20.0,1,20.0,Cartão Crédito,Janeiro,20.0,0.0
2026-01-20 09:33:00,Suco Manga,8.0,1,8.0,Cartão Débito,Janeiro,8.0,0.0
2026-01-20 09:37:00,Suco Laranja c/ Morango,8.0,3,24.0,Pix,Janeiro,24.0,0.0
2026-01-20 09:41:00,Tapioca Calabresa c/ Cheddar,16.0,1,16.0,Cartão Débito,Janeiro,16.0,0.0
2026-01-20 09:47:00,Morango,11.0,2,22.0,Cartão Crédito,Janeiro,22.0,0.0
2026-01-20 10:05:00,Verde Detox,10.0,1,10.0,Cartão Débito,Janeiro,10.0,0.0
2026-01-20 10:05:00,Misto c/ Queijo e Peito de Peru,12.0,1,12.0,Pix,Janeiro,12.0,0.0
2026-01-20 10:30:00,Pao c/ Ovo e Bacon,12.0,1,12.0,Pix,Janeiro,12.0,0.0
2026-01-20 11:10:00,Tapioca Queijo Branco c/ Peito de Peru,16.0,2,32.0,Pix,Janeiro,32.0,0.0
2026-01-20 11:41:00,Salada de frutas,12.0,1,12.0,Dinheiro,Janeiro,12.0,0.0
2026-01-20 12:36:00,Tapioca Nutella,16.0,1,16.0,Cartão Crédito,Janeiro,16.0,0.0
2026-01-20 12:54:00,Suco Melancia,8.0,1,8.0,Pix,Janeiro,8.0,0.0
2026-01-20 13:19:00,Tapioca Carne Seca c/ Requeijao,22.0,1,22.0,Cartão Débito,Janeiro,22.0,0.0
2026-01-20 13:24:00,Tapioca Carne Seca c/ Queijo,20.0,1,20.0,Dinheiro,Janeiro,20.0,0.0
2026-01-20 14:07:00,Tapioca Carne Seca c/ Requeijao,22.0,1,22.0,Cartão Débito,Janeiro,22.0,0.0
2026-01-20 14:32:00,"Tapioca Queijo c/ Presunto, Calabresa e Cheddar",16.0,2,32.0,Pix,Janeiro,32.0,0.0
2026-01-20 14:36:00,Tapioca Coco c/ Leite Condensado,16.0,1,16.0,Pix,Janeiro,16.0,0.0
2026-01-20 14:54:00,Vitamina Abacate,15.0,1,15.0,Dinheiro,Janeiro,15.0,0.0
2026-01-20 15:23:00,Suco Goiaba,8.0,1,8.0,Pix,Janeiro,8.0,0.0
2026-01-20 16:05:00,Suco Manga,8.0,1,8.0,Pix,Janeiro,8.0,0.0
2026-01-20 16:39:00,Tapioca Carne Seca c/ Catupiry,20.0,2,40.0,Cartão Débito,Janeiro,40.0,0.0
2026-01-20 18:42:00,Pao c/ Ovo e Bacon,12.0,1,12.0,Dinheiro,Janeiro,12.0,0.0
2026-01-20 19:14:00,Suco Limao c/ Inhame,8.0,1,8.0,Pix,Janeiro,8.0,0.0
2026-01-20 19:31:00,Tapioca Carne Seca c/ Requeijao,22.0,1,22.0,Cartão Débito,Janeiro,22.0,0.0
2026-01-20 20:09:00,Tapioca Bacon c/ Queijo e Requeijao,18.0,2,36.0,Cartão Crédito,Janeiro,36.0,0.0
2026-01-20 20:14:00,Tapioca Calabresa c/ Queijo,16.0,1,16.0,Pix,Janeiro,16.0,0.0
2026-01-20 20:51:00,"Suco Beterraba c/ Cenoura, Laranja, Limao e Gengibre",8.0,1,8.0,Pix,Janeiro,8.0,0.0
2026-01-21 08:10:00,Tapioca Calabresa c/ Queijo,16.0,1,16.0,Cartão Débito,Janeiro,16.0,0.0
2026-01-21 08:53:00,Suco Maracuja,8.0,1,8.0,Cartão Débito,Janeiro,8.0,0.0
2026-01-21 09:02:00,Misto c/ Queijo e Peito de Peru,12.0,2,24.0,Cartão Crédito,Janeiro,24.0,0.0
2026-01-21 09:06:00,Tapioca Nutella c/ Oreo,17.0,1,17.0,Cartão Crédito,Janeiro,17.0,0.0
2026-01-21 09:19:00,Pao c/ Ovo e Bacon,12.0,1,12.0,Pix,Janeiro,12.0,0.0
2026-01-21 09:32:00,Tapioca Romeu e Julieta,16.0,1,16.0,Pix,Janeiro,16.0,0.0
2026-01-21 09:38:00,Suco Laranja c/ Morango,8.0,1,8.0,Dinheiro,Janeiro,8.0,0.0
2026-01-21 09:53:00,"Tapioca Queijo c/ Presunto, Calabresa e Cheddar",16.0,1,16.0,Cartão Crédito,Janeiro,16.0,0.0
2026-01-21 10:46:00,Vitamina Morango,15.0,1,15.0,Dinheiro,Janeiro,15.0,0.0
2026-01-21 11:32:00,Vitamina Morango,15.0,1,15.0,Pix,Janeiro,15.0,0.0
2026-01-21 11:35:00,Suco Laranja c/ Morango,8.0,1,8.0,Pix,Janeiro,8.0,0.0
2026-01-21 11:47:00,Salada de frutas,12.0,1,12.0,Dinheiro,Janeiro,12.0,0.0
2026-01-21 12:40:00,Tapioca Frango c/ Queijo,18.0,1,18.0,Pix,Janeiro,18.0,0.0
2026-01-21 13:38:00,"Pao c/ Ovo, Bacon e Queijo Coalho",15.0,3,45.0,Pix,Janeiro,45.0,0.0
2026-01-21 14:21:00,Suco Limao,8.0,1,8.0,Cartão Crédito,Janeiro,8.0,0.0
2026-01-21 15:20:00,Tapioca Bacon c/ Ovos e Queijo,18.0,2,36.0,Pix,Janeiro,36.0,0.0
2026-01-21 15:25:00,Suco Abacaxi,8.0,1,8.0,Dinheiro,Janeiro,8.0,0.0
2026-01-21 15:49:00,Misto Quente,8.0,1,8.0,Cartão Débito,Janeiro,8.0,0.0
2026-01-21 15:49:00,Misto Quente,8.0,2,16.0,Dinheiro,Janeiro,16.0,0.0
2026-01-21 15:53:00,Pao c/ Ovo e Bacon,12.0,1,12.0,Cartão Crédito,Janeiro,12.0,0.0
2026-01-21 16:03:00,Tapioca Romeu e Julieta,16.0,1,16.0,Cartão Débito,Janeiro,16.0,0.0
2026-01-21 16:06:00,Misto c/ Ovo,10.0,2,20.0,Pix,Janeiro,20.0,0.0
2026-01-21 16:27:00,Suco Abacaxi,8.0,2,16.0,Pix,Janeiro,16.0,0.0
2026-01-21 16:32:00,Açaí,12.0,1,12.0,Cartão Crédito,Janeiro,12.0,0.0
2026-01-21 16:39:00,Suco Laranja c/ Acerola,8.0,1,8.0,Cartão Crédito,Janeiro,8.0,0.0
2026-01-21 17:01:00,Suco Maracuja c/ Morango,8.0,1,8.0,Cartão Crédito,Janeiro,8.0,0.0
2026-01-21 17:44:00,Tapioca Nutella,16.0,1,16.0,Dinheiro,Janeiro,16.0,0.0
2026-01-21 18:27:00,Fielzao,18.0,1,18.0,Pix,Janeiro,18.0,0.0
2026-01-21 18:53:00,Açaí,12.0,2,24.0,Pix,Janeiro,24.0,0.0
2026-01-21 19:14:00,Suco Laranja c/ Couve e Hortela,8.0,1,8.0,Cartão Débito,Janeiro,8.0,0.0
2026-01-21 19:44:00,Suco Laranja c/ Couve e Hortela,8.0,1,8.0,Cartão Crédito,Janeiro,8.0,0.0
2026-01-21 20:11:00,Manga,9.5,1,9.5,Cartão Crédito,Janeiro,9.5,0.0
2026-01-21 20:24:00,Vitamina Morango,15.0,2,30.0,Cartão Crédito,Janeiro,30.0,0.0
2026-01-21 20:24:00,Tapioca Carne Seca c/ Requeijao,22.0,1,22.0,Cartão Débito,Janeiro,22.0,0.0
2026-01-21 20:48:00,Suco Maracuja c/ Morango,8.0,1,8.0,Pix,Janeiro,8.0,0.0
2026-01-22 09:01:00,Vitamina Abacate,15.0,1,15.0,Cartão Crédito,Janeiro,15.0,0.0
2026-01-22 09:22:00,Suco Limao,8.0,1,8.0,Pix,Janeiro,8.0,0.0
2026-01-22 09:38:00,Pao c/ Linguica,12.0,1,12.0,Cartão Crédito,Janeiro,12.0,0.0
2026-01-22 09:49:00,Tapioca Romeu e Julieta,16.0,1,16.0,Dinheiro,Janeiro,16.0,0.0
2026-01-22 10:04:00,Salada de frutas,12.0,1,12.0,Cartão Débito,Janeiro,12.0,0.0
2026-01-22 11:11:00,Suco Maracuja,8.0,1,8.0,Pix,Janeiro,8.0,0.0
2026-01-22 12:32:00,Tapioca Frango c/ Cheddar,18.0,1,18.0,Pix,Janeiro,18.0,0.0
2026-01-22 12:39:00,Suco Maracuja c/ Morango,8.0,1,8.0,Cartão Débito,Janeiro,8.0,0.0
2026-01-22 13:01:00,Salada de frutas,12.0,1,12.0,Cartão Crédito,Janeiro,12.0,0.0
2026-01-22 16:16:00,Tapioca Calabresa c/ Cheddar,16.0,1,16.0,Cartão Crédito,Janeiro,16.0,0.0
2026-01-22 18:23:00,Tapioca Carne Seca c/ Queijo,20.0,1,20.0,Dinheiro,Janeiro,20.0,0.0
2026-01-22 18:29:00,Tapioca Frango c/ Queijo,18.0,1,18.0,Cartão Crédito,Janeiro,18.0,0.0
2026-01-22 18:33:00,Fielzao,18.0,1,18.0,Cartão Crédito,Janeiro,18.0,0.0
2026-01-22 19:12:00,Vitamina Abacate,15.0,1,15.0,Cartão Débito,Janeiro,15.0,0.0
2026-01-22 19:23:00,Tapioca Nutella c/ Oreo,17.0,3,51.0,Dinheiro,Janeiro,51.0,0.0
2026-01-23 08:24:00,Tapioca Carne Seca c/ Requeijao,22.0,1,22.0,Pix,Janeiro,22.0,0.0
2026-01-23 08:28:00,Tapioca Frango c/ Catupiry,18.0,3,54.0,Pix,Janeiro,54.0,0.0
2026-01-23 08:29:00,Tapioca Carne Seca c/ Requeijao,22.0,2,44.0,Pix,Janeiro,44.0,0.0
2026-01-23 08:37:00,Tapioca Romeu e Julieta,16.0,1,16.0,Cartão Débito,Janeiro,16.0,0.0
2026-01-23 09:25:00,Suco Laranja c/ Acerola,8.0,1,8.0,Cartão Crédito,Janeiro,8.0,0.0
2026-01-23 13:24:00,Suco Limao,8.0,1,8.0,Dinheiro,Janeiro,8.0,0.0
2026-01-23 14:37:00,Fielzao,18.0,1,18.0,Cartão Crédito,Janeiro,18.0,0.0
2026-01-23 14:43:00,Suco Laranja c/ Couve e Hortela,8.0,1,8.0,Cartão Crédito,Janeiro,8.0,0.0
2026-01-23 15:02:00,Salada de frutas,12.0,1,12.0,Cartão Débito,Janeiro,12.0,0.0
2026-01-23 15:31:00,Vitamina Maracuja,15.0,3,45.0,Dinheiro,Janeiro,45.0,0.0
2026-01-23 15:47:00,Tapioca Frango c/ Cheddar,18.0,1,18.0,Cartão Crédito,Janeiro,18.0,0.0
2026-01-23 16:21:00,Tapioca Bacon c/ Ovos e Queijo,18.0,1,18.0,Dinheiro,Janeiro,18.0,0.0
2026-01-23 16:31:00,Fielzao,18.0,3,54.0,Cartão Débito,Janeiro,54.0,0.0
2026-01-23 18:04:00,Tapioca Frango c/ Requeijao,20.0,1,20.0,Cartão Débito,Janeiro,20.0,0.0
2026-01-23 18:14:00,Tapioca Calabresa c/ Cheddar,16.0,2,32.0,Dinheiro,Janeiro,32.0,0.0
2026-01-23 18:23:00,Vitamina Morango,15.0,1,15.0,Dinheiro,Janeiro,15.0,0.0
2026-01-23 18:49:00,Sanduiche Natural,10.0,1,10.0,Cartão Crédito,Janeiro,10.0,0.0
2026-01-23 19:26:00,Suco Laranja,8.0,1,8.0,Cartão Débito,Janeiro,8.0,0.0
2026-01-23 19:54:00,Suco Laranja c/ Acerola,8.0,2,16.0,Cartão Débito,Janeiro,16.0,0.0
2026-01-23 20:17:00,Limonada Suíça,9.0,1,9.0,Pix,Janeiro,9.0,0.0
2026-01-23 20:17:00,Vitamina Banana c/ Aveia,15.0,1,15.0,Pix,Janeiro,15.0,0.0
2026-01-23 20:18:00,Vitamina Abacate,15.0,1,15.0,Dinheiro,Janeiro,15.0,0.0
2026-01-23 20:33:00,Tapioca Nutella c/ Oreo,17.0,1,17.0,Dinheiro,Janeiro,17.0,0.0
2026-01-23 20:49:00,Pao c/ Linguica,12.0,1,12.0,Dinheiro,Janeiro,12.0,0.0
2026-01-23 20:52:00,Tapioca Frango c/ Catupiry,18.0,1,18.0,Pix,Janeiro,18.0,0.0
2026-01-23 20:54:00,Pao c/ Linguica,12.0,3,36.0,Cartão Crédito,Janeiro,36.0,0.0
2026-01-23 20:54:00,Tapioca Bacon c/ Queijo e Requeijao,18.0,1,18.0,Pix,Janeiro,18.0,0.0
2026-01-24 08:14:00,Tapioca Carne Seca c/ Cheddar,20.0,1,20.0,Pix,Janeiro,20.0,0.0
2026-01-24 08:15:00,Suco Manga,8.0,1,8.0,Cartão Débito,Janeiro,8.0,0.0
2026-01-24 08:45:00,Suco Limao,8.0,1,8.0,Dinheiro,Janeiro,8.0,0.0
2026-01-24 08:47:00,Suco Melancia,8.0,1,8.0,Cartão Crédito,Janeiro,8.0,0.0
2026-01-24 08:54:00,Tapioca Carne Seca c/ Catupiry,20.0,2,40.0,Pix,Janeiro,40.0,0.0
2026-01-24 09:52:00,Suco Abacaxi c/ Hortela e Gengibre,8.0,2,16.0,Pix,Janeiro,16.0,0.0
2026-01-24 09:53:00,Suco Limao c/ Inhame,8.0,1,8.0,Cartão Crédito,Janeiro,8.0,0.0
2026-01-24 12:10:00,Tapioca Frango c/ Cheddar,18.0,1,18.0,Pix,Janeiro,18.0,0.0
2026-01-24 12:26:00,Tapioca Frango c/ Requeijao,20.0,1,20.0,Cartão Crédito,Janeiro,20.0,0.0
2026-01-24 12:41:00,Pao c/ Linguica,12.0,1,12.0,Pix,Janeiro,12.0,0.0
2026-01-24 13:01:00,Fielzao,18.0,2,36.0,Cartão Crédito,Janeiro,36.0,0.0
2026-01-24 14:04:00,Suco Melancia,8.0,1,8.0,Cartão Crédito,Janeiro,8.0,0.0
2026-01-24 14:04:00,"Pao c/ Ovo, Bacon e Queijo Coalho",15.0,3,45.0,Pix,Janeiro,45.0,0.0
2026-01-24 15:18:00,Suco Limao c/ Inhame,8.0,1,8.0,Cartão Crédito,Janeiro,8.0,0.0
2026-01-24 15:23:00,Suco Laranja,8.0,1,8.0,Pix,Janeiro,8.0,0.0
2026-01-24 16:10:00,Tapioca Queijo Branco c/ Peito de Peru,16.0,1,16.0,Dinheiro,Janeiro,16.0,0.0
2026-01-24 16:29:00,Salada de frutas,12.0,1,12.0,Pix,Janeiro,12.0,0.0
2026-01-24 16:43:00,Tapioca Carne Seca c/ Requeijao,22.0,1,22.0,Pix,Janeiro,22.0,0.0
2026-01-24 17:07:00,Suco Laranja c/ Morango,8.0,1,8.0,Cartão Crédito,Janeiro,8.0,0.0
2026-01-24 17:22:00,"Suco Beterraba c/ Cenoura, Laranja, Limao e Gengibre",8.0,1,8.0,Pix,Janeiro,8.0,0.0
2026-01-24 17:34:00,Tapioca Calabresa c/ Queijo,16.0,1,16.0,Pix,Janeiro,16.0,0.0
2026-01-24 18:52:00,Vitamina Maracuja,15.0,1,15.0,Cartão Crédito,Janeiro,15.0,0.0
2026-01-24 18:57:00,Suco Limao,8.0,1,8.0,Cartão Débito,Janeiro,8.0,0.0
2026-01-24 19:21:00,Suco Limao,8.0,1,8.0,Dinheiro,Janeiro,8.0,0.0
2026-01-25 08:17:00,Misto c/ Ovo,10.0,2,20.0,Dinheiro,Janeiro,20.0,0.0
2026-01-25 08:50:00,Pao c/ Ovo e Bacon,12.0,2,24.0,Cartão Crédito,Janeiro,24.0,0.0
2026-01-25 11:12:00,Fielzao,18.0,1,18.0,Dinheiro,Janeiro,18.0,0.0
2026-01-25 11:14:00,Tapioca Carne Seca c/ Catupiry,20.0,1,20.0,Cartão Débito,Janeiro,20.0,0.0
2026-01-25 12:13:00,"Pao c/ Ovo, Bacon e Queijo Coalho",15.0,1,15.0,Cartão Crédito,Janeiro,15.0,0.0
2026-01-25 12:19:00,Manga,9.5,2,19.0,Cartão Débito,Janeiro,19.0,0.0
2026-01-25 12:19:00,Fielzao,18.0,1,18.0,Cartão Crédito,Janeiro,18.0,0.0
2026-01-25 12:45:00,Tapioca Frango c/ Catupiry,18.0,2,36.0,Pix,Janeiro,36.0,0.0
2026-01-25 13:06:00,Suco Melancia,8.0,1,8.0,Dinheiro,Janeiro,8.0,0.0
2026-01-25 13:12:00,Tapioca Calabresa c/ Cheddar,16.0,1,16.0,Dinheiro,Janeiro,16.0,0.0
2026-01-25 13:12:00,Tapioca Calabresa c/ Queijo,16.0,1,16.0,Dinheiro,Janeiro,16.0,0.0
2026-01-25 13:21:00,Misto c/ Queijo e Peito de Peru,12.0,3,36.0,Dinheiro,Janeiro,36.0,0.0
2026-01-25 13:28:00,Vitamina Morango,15.0,1,15.0,Cartão Crédito,Janeiro,15.0,0.0
2026-01-25 14:34:00,Suco Laranja,8.0,3,24.0,Pix,Janeiro,24.0,0.0
2026-01-25 15:43:00,Tapioca Bacon c/ Queijo e Requeijao,18.0,1,18.0,Pix,Janeiro,18.0,0.0
2026-01-25 15:48:00,Suco Limao c/ Inhame,8.0,1,8.0,Cartão Crédito,Janeiro,8.0,0.0
2026-01-25 16:07:00,Suco Laranja c/ Couve e Hortela,8.0,2,16.0,Cartão Débito,Janeiro,16.0,0.0
2026-01-25 16:40:00,Vitamina Banana c/ Aveia,15.0,1,15.0,Cartão Débito,Janeiro,15.0,0.0
2026-01-25 16:59:00,"Pao c/ Ovo, Bacon e Queijo Coalho",15.0,1,15.0,Dinheiro,Janeiro,15.0,0.0
2026-01-25 18:35:00,Tapioca Carne Seca c/ Requeijao,22.0,1,22.0,Pix,Janeiro,22.0,0.0
2026-01-25 19:16:00,Misto c/ Queijo e Peito de Peru,12.0,1,12.0,Cartão Crédito,Janeiro,12.0,0.0
2026-01-25 20:00:00,Verde Detox,10.0,1,10.0,Pix,Janeiro,10.0,0.0
2026-01-25 20:14:00,Vitamina Abacate,15.0,1,15.0,Cartão Crédito,Janeiro,15.0,0.0
2026-01-25 20:16:00,"Pao c/ Ovo, Bacon e Queijo Coalho",15.0,1,15.0,Cartão Débito,Janeiro,15.0,0.0
2026-01-25 20:28:00,Tapioca Frango c/ Requeijao,20.0,1,20.0,Dinheiro,Janeiro,20.0,0.0
2026-01-25 20:44:00,Tapioca Carne Seca c/ Requeijao,22.0,2,44.0,Cartão Débito,Janeiro,44.0,0.0
2026-01-26 08:23:00,Suco Laranja c/ Couve e Hortela,8.0,2,16.0,Dinheiro,Janeiro,16.0,0.0
2026-01-26 08:33:00,Suco Laranja c/ Acerola,8.0,3,24.0,Dinheiro,Janeiro,24.0,0.0
2026-01-26 08:48:00,Açaí,12.0,1,12.0,Cartão Débito,Janeiro,12.0,0.0
2026-01-26 09:02:00,"Tapioca Queijo c/ Presunto, Calabresa e Cheddar",16.0,1,16.0,Cartão Crédito,Janeiro,16.0,0.0
2026-01-26 09:22:00,Tapioca Queijo Branco c/ Peito de Peru,16.0,1,16.0,Cartão Débito,Janeiro,16.0,0.0
2026-01-26 09:39:00,Verde Detox,10.0,1,10.0,Cartão Débito,Janeiro,10.0,0.0
2026-01-26 11:06:00,Suco Laranja c/ Couve e Hortela,8.0,3,24.0,Cartão Débito,Janeiro,24.0,0.0
2026-01-26 11:18:00,Limonada Suíça,9.0,2,18.0,Pix,Janeiro,18.0,0.0
2026-01-26 12:16:00,Misto c/ Ovo,10.0,2,20.0,Cartão Débito,Janeiro,20.0,0.0
2026-01-26 12:49:00,Tapioca Frango c/ Queijo,18.0,1,18.0,Cartão Débito,Janeiro,18.0,0.0
2026-01-26 12:51:00,Limonada Suíça,9.0,1,9.0,Pix,Janeiro,9.0,0.0
2026-01-26 13:47:00,Tapioca Calabresa c/ Cheddar,16.0,2,32.0,Dinheiro,Janeiro,32.0,0.0
2026-01-26 13:52:00,Suco Laranja c/ Couve e Hortela,8.0,1,8.0,Dinheiro,Janeiro,8.0,0.0
2026-01-26 15:08:00,Suco Goiaba,8.0,1,8.0,Dinheiro,Janeiro,8.0,0.0
2026-01-26 16:04:00,Pao c/ Ovo e Bacon,12.0,2,24.0,Pix,Janeiro,24.0,0.0
2026-01-26 16:49:00,Tapioca Bacon c/ Queijo e Requeijao,18.0,1,18.0,Pix,Janeiro,18.0,0.0
2026-01-26 18:24:00,Tapioca Frango c/ Catupiry,18.0,3,54.0,Dinheiro,Janeiro,54.0,0.0
2026-01-26 18:25:00,"Pao c/ Ovo, Bacon e Queijo Coalho",15.0,1,15.0,Dinheiro,Janeiro,15.0,0.0
2026-01-26 18:50:00,Limonada Suíça,9.0,2,18.0,Dinheiro,Janeiro,18.0,0.0
2026-01-26 19:32:00,Suco Laranja c/ Acerola,8.0,1,8.0,Cartão Débito,Janeiro,8.0,0.0
2026-01-26 19:36:00,Tapioca Bacon c/ Ovos e Queijo,18.0,1,18.0,Cartão Débito,Janeiro,18.0,0.0
2026-01-27 08:52:00,Pao c/ Ovo e Bacon,12.0,1,12.0,Cartão Débito,Janeiro,12.0,0.0
2026-01-27 08:58:00,Suco Melancia,8.0,1,8.0,Cartão Crédito,Janeiro,8.0,0.0
2026-01-27 09:32:00,Tapioca Queijo Branco c/ Peito de Peru,16.0,1,16.0,Dinheiro,Janeiro,16.0,0.0
2026-01-27 10:08:00,Morango,11.0,1,11.0,Cartão Débito,Janeiro,11.0,0.0
2026-01-27 11:36:00,"Pao c/ Ovo, Bacon e Queijo Coalho",15.0,1,15.0,Cartão Débito,Janeiro,15.0,0.0
2026-01-27 11:41:00,Tapioca Nutella,16.0,1,16.0,Cartão Débito,Janeiro,16.0,0.0
2026-01-27 12:27:00,Tapioca Nutella,16.0,1,16.0,Dinheiro,Janeiro,16.0,0.0
2026-01-27 12:37:00,Morango,11.0,2,22.0,Pix,Janeiro,22.0,0.0
2026-01-27 13:18:00,Tapioca Frango c/ Catupiry,18.0,3,54.0,Cartão Crédito,Janeiro,54.0,0.0
2026-01-27 13:41:00,Sanduiche Natural,10.0,3,30.0,Cartão Crédito,Janeiro,30.0,0.0
2026-01-27 13:47:00,Tapioca Queijo Branco c/ Peito de Peru,16.0,1,16.0,Pix,Janeiro,16.0,0.0
2026-01-27 14:31:00,Manga,9.5,3,28.5,Cartão Crédito,Janeiro,28.5,0.0
2026-01-27 14:50:00,Suco Manga,8.0,1,8.0,Cartão Débito,Janeiro,8.0,0.0
2026-01-27 16:34:00,Tapioca Carne Seca c/ Requeijao,22.0,2,44.0,Cartão Débito,Janeiro,44.0,0.0
2026-01-27 17:04:00,Manga,9.5,3,28.5,Cartão Crédito,Janeiro,28.5,0.0
2026-01-27 18:00:00,Suco Goiaba,8.0,1,8.0,Cartão Débito,Janeiro,8.0,0.0
2026-01-27 18:05:00,Tapioca Nutella c/ Oreo,17.0,1,17.0,Dinheiro,Janeiro,17.0,0.0
2026-01-27 18:13:00,Morango,11.0,1,11.0,Pix,Janeiro,11.0,0.0
2026-01-27 18:18:00,Tapioca Calabresa c/ Cheddar,16.0,1,16.0,Cartão Débito,Janeiro,16.0,0.0
2026-01-27 18:32:00,Tapioca Bacon c/ Queijo e Requeijao,18.0,1,18.0,Cartão Crédito,Janeiro,18.0,0.0
2026-01-27 18:46:00,Suco Melancia,8.0,1,8.0,Pix,Janeiro,8.0,0.0
2026-01-27 18:59:00,"Pao c/ Ovo, Bacon e Queijo Coalho",15.0,1,15.0,Cartão Débito,Janeiro,15.0,0.0
2026-01-27 19:13:00,"Tapioca Queijo c/ Presunto, Calabresa e Cheddar",16.0,2,32.0,Cartão Crédito,Janeiro,32.0,0.0
2026-01-27 19:29:00,Limonada Suíça,9.0,1,9.0,Pix,Janeiro,9.0,0.0
2026-01-27 19:48:00,Tapioca Queijo c/ Presunto,16.0,2,32.0,Cartão Débito,Janeiro,32.0,0.0
2026-01-28 08:01:00,Vitamina Abacate,15.0,1,15.0,Cartão Débito,Janeiro,15.0,0.0
2026-01-28 08:21:00,Suco Goiaba,8.0,3,24.0,Pix,Janeiro,24.0,0.0
2026-01-28 08:48:00,Sanduiche Natural,10.0,2,20.0,Dinheiro,Janeiro,20.0,0.0
2026-01-28 09:22:00,Tapioca Bacon c/ Ovos e Queijo,18.0,1,18.0,Dinheiro,Janeiro,18.0,0.0
2026-01-28 10:23:00,Tapioca Calabresa c/ Cheddar,16.0,1,16.0,Cartão Débito,Janeiro,16.0,0.0
2026-01-28 10:40:00,Tapioca Romeu e Julieta,16.0,1,16.0,Pix,Janeiro,16.0,0.0
2026-01-28 11:10:00,Tapioca Frango c/ Queijo,18.0,1,18.0,Cartão Crédito,Janeiro,18.0,0.0
2026-01-28 11:47:00,Tapioca Calabresa c/ Cheddar,16.0,1,16.0,Cartão Débito,Janeiro,16.0,0.0
2026-01-28 12:03:00,Misto c/ Ovo,10.0,3,30.0,Dinheiro,Janeiro,30.0,0.0
2026-01-28 12:18:00,Suco Maracuja c/ Morango,8.0,1,8.0,Dinheiro,Janeiro,8.0,0.0
2026-01-28 12:29:00,Tapioca Queijo Branco c/ Peito de Peru,16.0,1,16.0,Cartão Débito,Janeiro,16.0,0.0
2026-01-28 12:37:00,Tapioca Carne Seca c/ Catupiry,20.0,2,40.0,Pix,Janeiro,40.0,0.0
2026-01-28 13:17:00,Pao c/ Ovo e Bacon,12.0,1,12.0,Cartão Crédito,Janeiro,12.0,0.0
2026-01-28 14:53:00,Limonada Suíça,9.0,1,9.0,Dinheiro,Janeiro,9.0,0.0
2026-01-28 15:26:00,Pao c/ Ovo e Bacon,12.0,1,12.0,Cartão Débito,Janeiro,12.0,0.0
2026-01-28 17:15:00,Suco Laranja,8.0,2,16.0,Dinheiro,Janeiro,16.0,0.0
2026-01-28 17:28:00,Tapioca Romeu e Julieta,16.0,2,32.0,Cartão Crédito,Janeiro,32.0,0.0
2026-01-28 17:55:00,Suco Abacaxi,8.0,2,16.0,Cartão Crédito,Janeiro,16.0,0.0
2026-01-28 17:58:00,Vitamina Morango,15.0,2,30.0,Dinheiro,Janeiro,30.0,0.0
2026-01-28 19:35:00,Pao c/ Ovo e Bacon,12.0,2,24.0,Pix,Janeiro,24.0,0.0
2026-01-28 19:54:00,Suco Limao c/ Inhame,8.0,1,8.0,Cartão Crédito,Janeiro,8.0,0.0
2026-01-29 09:10:00,Suco Manga,8.0,2,16.0,Dinheiro,Janeiro,16.0,0.0
2026-01-29 09:47:00,Vitamina Abacate,15.0,1,15.0,Dinheiro,Janeiro,15.0,0.0
2026-01-29 09:55:00,Suco Laranja,8.0,1,8.0,Pix,Janeiro,8.0,0.0
2026-01-29 10:09:00,Pao c/ Linguica,12.0,1,12.0,Cartão Débito,Janeiro,12.0,0.0
2026-01-29 12:50:00,Vitamina Maracuja,15.0,1,15.0,Pix,Janeiro,15.0,0.0
2026-01-29 14:02:00,Suco Laranja,8.0,3,24.0,Cartão Débito,Janeiro,24.0,0.0
2026-01-29 15:05:00,Suco Abacaxi,8.0,2,16.0,Cartão Débito,Janeiro,16.0,0.0
2026-01-29 15:20:00,Tapioca Calabresa c/ Cheddar,16.0,2,32.0,Cartão Débito,Janeiro,32.0,0.0
2026-01-29 15:44:00,Tapioca Frango c/ Queijo,18.0,1,18.0,Cartão Crédito,Janeiro,18.0,0.0
2026-01-29 15:47:00,Salada de frutas,12.0,1,12.0,Dinheiro,Janeiro,12.0,0.0
2026-01-29 17:14:00,Suco Maracuja,8.0,1,8.0,Pix,Janeiro,8.0,0.0
2026-01-29 17:33:00,Tapioca Nutella c/ Oreo,17.0,1,17.0,Cartão Crédito,Janeiro,17.0,0.0
2026-01-29 17:52:00,Suco Limao c/ Inhame,8.0,2,16.0,Cartão Crédito,Janeiro,16.0,0.0
2026-01-29 19:03:00,"Pao c/ Ovo, Bacon e Queijo Coalho",15.0,1,15.0,Dinheiro,Janeiro,15.0,0.0
2026-01-29 19:19:00,Tapioca Bacon c/ Ovos e Queijo,18.0,3,54.0,Cartão Crédito,Janeiro,54.0,0.0
2026-01-29 19:38:00,Suco Laranja,8.0,1,8.0,Dinheiro,Janeiro,8.0,0.0
2026-01-29 19:46:00,Pao c/ Linguica,12.0,1,12.0,Cartão Crédito,Janeiro,12.0,0.0
2026-01-30 08:29:00,Suco Limao,8.0,1,8.0,Cartão Crédito,Janeiro,8.0,0.0
2026-01-30 09:12:00,Tapioca Frango c/ Requeijao,20.0,1,20.0,Pix,Janeiro,20.0,0.0
2026-01-30 09:25:00,Morango,11.0,1,11.0,Cartão Crédito,Janeiro,11.0,0.0
2026-01-30 10:00:00,Tapioca Romeu e Julieta,16.0,2,32.0,Cartão Crédito,Janeiro,32.0,0.0
2026-01-30 10:21:00,Suco Laranja c/ Morango,8.0,2,16.0,Pix,Janeiro,16.0,0.0
2026-01-30 10:41:00,Tapioca Romeu e Julieta,16.0,1,16.0,Pix,Janeiro,16.0,0.0
2026-01-30 11:13:00,Tapioca Frango c/ Requeijao,20.0,1,20.0,Pix,Janeiro,20.0,0.0
2026-01-30 12:05:00,Suco Limao c/ Inhame,8.0,1,8.0,Cartão Débito,Janeiro,8.0,0.0
2026-01-30 12:13:00,Suco Goiaba,8.0,1,8.0,Dinheiro,Janeiro,8.0,0.0
2026-01-30 12:31:00,Tapioca Queijo c/ Presunto,16.0,1,16.0,Pix,Janeiro,16.0,0.0
2026-01-30 12:42:00,Suco Maracuja c/ Morango,8.0,1,8.0,Cartão Débito,Janeiro,8.0,0.0
2026-01-30 13:01:00,Limonada Suíça,9.0,3,27.0,Pix,Janeiro,27.0,0.0
2026-01-30 13:31:00,Tapioca Carne Seca c/ Catupiry,20.0,1,20.0,Dinheiro,Janeiro,20.0,0.0
2026-01-30 13:31:00,Tapioca Frango c/ Requeijao,20.0,1,20.0,Pix,Janeiro,20.0,0.0
2026-01-30 13:37:00,Vitamina Maracuja,15.0,1,15.0,Pix,Janeiro,15.0,0.0
2026-01-30 13:50:00,Vitamina Banana c/ Aveia,15.0,3,45.0,Dinheiro,Janeiro,45.0,0.0
2026-01-30 14:08:00,Suco Laranja c/ Morango,8.0,2,16.0,Dinheiro,Janeiro,16.0,0.0
2026-01-30 15:15:00,Suco Laranja,8.0,2,16.0,Dinheiro,Janeiro,16.0,0.0
2026-01-30 15:37:00,Tapioca Queijo Branco c/ Peito de Peru,16.0,1,16.0,Cartão Débito,Janeiro,16.0,0.0
2026-01-30 16:19:00,Tapioca Romeu e Julieta,16.0,3,48.0,Cartão Débito,Janeiro,48.0,0.0
2026-01-30 18:04:00,Tapioca Carne Seca c/ Queijo,20.0,1,20.0,Cartão Débito,Janeiro,20.0,0.0
2026-01-30 19:52:00,"Pao c/ Ovo, Bacon e Queijo Coalho",15.0,2,30.0,Pix,Janeiro,30.0,0.0
2026-01-30 20:39:00,"Suco Beterraba c/ Cenoura, Laranja, Limao e Gengibre",8.0,1,8.0,Pix,Janeiro,8.0,0.0
2026-01-31 08:10:00,Vitamina Abacate,15.0,1,15.0,Cartão Crédito,Janeiro,15.0,0.0
2026-01-31 08:55:00,Vitamina Abacate,15.0,1,15.0,Cartão Crédito,Janeiro,15.0,0.0
2026-01-31 09:33:00,Tapioca Nutella,16.0,2,32.0,Cartão Crédito,Janeiro,32.0,0.0
2026-01-31 11:26:00,Suco Laranja c/ Acerola,8.0,1,8.0,Dinheiro,Janeiro,8.0,0.0
2026-01-31 11:36:00,Misto c/ Ovo,10.0,1,10.0,Pix,Janeiro,10.0,0.0
2026-01-31 11:46:00,Tapioca Carne Seca c/ Requeijao,22.0,1,22.0,Dinheiro,Janeiro,22.0,0.0
2026-01-31 12:00:00,Vitamina Abacate,15.0,1,15.0,Cartão Crédito,Janeiro,15.0,0.0
2026-01-31 13:38:00,Tapioca Coco c/ Leite Condensado,16.0,1,16.0,Pix,Janeiro,16.0,0.0
2026-01-31 13:39:00,Pao c/ Linguica,12.0,1,12.0,Pix,Janeiro,12.0,0.0
2026-01-31 13:52:00,Tapioca Nutella,16.0,1,16.0,Dinheiro,Janeiro,16.0,0.0
2026-01-31 14:35:00,Tapioca Frango c/ Requeijao,20.0,1,20.0,Dinheiro,Janeiro,20.0,0.0
2026-01-31 15:38:00,Suco Laranja,8.0,1,8.0,Dinheiro,Janeiro,8.0,0.0
2026-01-31 15:44:00,Tapioca Bacon c/ Queijo e Requeijao,18.0,1,18.0,Dinheiro,Janeiro,18.0,0.0
2026-01-31 15:59:00,Tapioca Carne Seca c/ Catupiry,20.0,1,20.0,Cartão Crédito,Janeiro,20.0,0.0
2026-01-31 16:11:00,Suco Manga,8.0,2,16.0,Pix,Janeiro,16.0,0.0
2026-01-31 16:34:00,Tapioca Queijo c/ Presunto,16.0,1,16.0,Dinheiro,Janeiro,16.0,0.0
2026-01-31 16:48:00,Suco Limao c/ Inhame,8.0,1,8.0,Cartão Débito,Janeiro,8.0,0.0
2026-01-31 16:58:00,Suco Abacaxi c/ Hortela e Gengibre,8.0,1,8.0,Cartão Crédito,Janeiro,8.0,0.0
2026-01-31 17:23:00,Tapioca Bacon c/ Queijo e Requeijao,18.0,1,18.0,Pix,Janeiro,18.0,0.0
2026-01-31 17:28:00,Suco Goiaba,8.0,1,8.0,Pix,Janeiro,8.0,0.0
2026-01-31 17:37:00,Misto Quente,8.0,1,8.0,Dinheiro,Janeiro,8.0,0.0
2026-01-31 17:57:00,Tapioca Calabresa c/ Queijo,16.0,1,16.0,Cartão Crédito,Janeiro,16.0,0.0
2026-01-31 18:17:00,Tapioca Carne Seca c/ Catupiry,20.0,1,20.0,Cartão Débito,Janeiro,20.0,0.0
2026-01-31 18:32:00,Tapioca Carne Seca c/ Queijo,20.0,2,40.0,Cartão Débito,Janeiro,40.0,0.0
2026-01-31 18:35:00,Tapioca Queijo Branco c/ Peito de Peru,16.0,1,16.0,Cartão Débito,Janeiro,16.0,0.0
2026-01-31 18:46:00,Tapioca Frango c/ Catupiry,18.0,1,18.0,Dinheiro,Janeiro,18.0,0.0
2026-01-31 19:18:00,Pao c/ Ovo e Bacon,12.0,1,12.0,Pix,Janeiro,12.0,0.0
2026-01-31 20:51:00,Suco Laranja c/ Morango,8.0,1,8.0,Dinheiro,Janeiro,8.0,0.0
2026-02-01 08:24:00,Tapioca Frango c/ Requeijao,20.0,2,40.0,Dinheiro,Fevereiro,0.0,40.0
2026-02-01 09:36:00,Fielzao,18.0,1,18.0,Dinheiro,Fevereiro,0.0,18.0
2026-02-01 10:17:00,"Pao c/ Ovo, Bacon e Queijo Coalho",15.0,2,30.0,Cartão Crédito,Fevereiro,0.0,30.0
2026-02-01 10:21:00,Suco Abacaxi,8.0,1,8.0,Cartão Crédito,Fevereiro,0.0,8.0
2026-02-01 10:21:00,Tapioca Nutella,16.0,3,48.0,Pix,Fevereiro,0.0,48.0
2026-02-01 10:29:00,Suco Melancia,8.0,1,8.0,Cartão Crédito,Fevereiro,0.0,8.0
2026-02-01 11:07:00,Suco Maracuja c/ Morango,8.0,2,16.0,Pix,Fevereiro,0.0,16.0
2026-02-01 11:20:00,Tapioca Carne Seca c/ Catupiry,20.0,2,40.0,Cartão Débito,Fevereiro,0.0,40.0
2026-02-01 12:18:00,Açaí,12.0,1,12.0,Dinheiro,Fevereiro,0.0,12.0
2026-02-01 13:46:00,Misto Quente,8.0,1,8.0,Pix,Fevereiro,0.0,8.0
2026-02-01 15:02:00,Suco Manga,8.0,1,8.0,Dinheiro,Fevereiro,0.0,8.0
2026-02-01 15:34:00,Suco Laranja,8.0,1,8.0,Cartão Crédito,Fevereiro,0.0,8.0
2026-02-01 15:39:00,Morango,11.0,2,22.0,Cartão Débito,Fevereiro,0.0,22.0
2026-02-01 15:52:00,Suco Limao,8.0,1,8.0,Cartão Crédito,Fevereiro,0.0,8.0
2026-02-01 16:03:00,Suco Limao,8.0,1,8.0,Pix,Fevereiro,0.0,8.0
2026-02-01 16:19:00,Morango,11.0,1,11.0,Dinheiro,Fevereiro,0.0,11.0
2026-02-01 16:22:00,Misto c/ Queijo e Peito de Peru,12.0,3,36.0,Cartão Crédito,Fevereiro,0.0,36.0
2026-02-01 17:03:00,Tapioca Frango c/ Queijo,18.0,2,36.0,Cartão Débito,Fevereiro,0.0,36.0
2026-02-01 17:26:00,Suco Maracuja c/ Morango,8.0,1,8.0,Cartão Débito,Fevereiro,0.0,8.0
2026-02-01 17:44:00,Sanduiche Natural,10.0,2,20.0,Dinheiro,Fevereiro,0.0,20.0
2026-02-01 17:52:00,Tapioca Carne Seca c/ Requeijao,22.0,1,22.0,Cartão Débito,Fevereiro,0.0,22.0
2026-02-01 18:01:00,Vitamina Abacate,15.0,1,15.0,Dinheiro,Fevereiro,0.0,15.0
2026-02-01 18:34:00,Tapioca Romeu e Julieta,16.0,1,16.0,Pix,Fevereiro,0.0,16.0
2026-02-01 19:22:00,Tapioca Bacon c/ Queijo e Requeijao,18.0,1,18.0,Dinheiro,Fevereiro,0.0,18.0
2026-02-01 19:37:00,Tapioca Bacon c/ Ovos e Queijo,18.0,1,18.0,Dinheiro,Fevereiro,0.0,18.0
2026-02-01 20:13:00,Vitamina Morango,15.0,3,45.0,Dinheiro,Fevereiro,0.0,45.0
2026-02-01 20:36:00,Tapioca Frango c/ Catupiry,18.0,1,18.0,Cartão Crédito,Fevereiro,0.0,18.0
2026-02-01 20:48:00,Suco Abacaxi,8.0,1,8.0,Pix,Fevereiro,0.0,8.0
2026-02-02 08:03:00,Vitamina Banana c/ Aveia,15.0,1,15.0,Cartão Crédito,Fevereiro,0.0,15.0
2026-02-02 08:43:00,Tapioca Bacon c/ Ovos e Queijo,18.0,2,36.0,Cartão Crédito,Fevereiro,0.0,36.0
2026-02-02 09:46:00,Tapioca Carne Seca c/ Requeijao,22.0,1,22.0,Cartão Crédito,Fevereiro,0.0,22.0
2026-02-02 09:59:00,Tapioca Bacon c/ Queijo e Requeijao,18.0,1,18.0,Dinheiro,Fevereiro,0.0,18.0
2026-02-02 10:02:00,Açaí,12.0,1,12.0,Pix,Fevereiro,0.0,12.0
2026-02-02 11:22:00,Tapioca Frango c/ Queijo,18.0,1,18.0,Pix,Fevereiro,0.0,18.0
2026-02-02 11:28:00,Tapioca Frango c/ Requeijao,20.0,1,20.0,Cartão Débito,Fevereiro,0.0,20.0
2026-02-02 11:58:00,Tapioca Calabresa c/ Queijo,16.0,2,32.0,Pix,Fevereiro,0.0,32.0
2026-02-02 12:35:00,"Suco Beterraba c/ Cenoura, Laranja, Limao e Gengibre",8.0,2,16.0,Cartão Crédito,Fevereiro,0.0,16.0
2026-02-02 13:43:00,"Suco Beterraba c/ Cenoura, Laranja, Limao e Gengibre",8.0,1,8.0,Cartão Débito,Fevereiro,0.0,8.0
2026-02-02 13:53:00,Tapioca Queijo Branco c/ Peito de Peru,16.0,1,16.0,Cartão Débito,Fevereiro,0.0,16.0
2026-02-02 13:56:00,Vitamina Morango,15.0,1,15.0,Pix,Fevereiro,0.0,15.0
2026-02-02 14:35:00,Tapioca Carne Seca c/ Queijo,20.0,1,20.0,Cartão Crédito,Fevereiro,0.0,20.0
2026-02-02 15:31:00,Vitamina Abacate,15.0,1,15.0,Pix,Fevereiro,0.0,15.0
2026-02-02 15:39:00,Tapioca Nutella,16.0,2,32.0,Cartão Crédito,Fevereiro,0.0,32.0
2026-02-02 15:53:00,Suco Laranja,8.0,2,16.0,Cartão Débito,Fevereiro,0.0,16.0
2026-02-02 15:56:00,Salada de frutas,12.0,1,12.0,Pix,Fevereiro,0.0,12.0
2026-02-02 16:10:00,Suco Manga,8.0,2,16.0,Cartão Crédito,Fevereiro,0.0,16.0
2026-02-02 17:46:00,Tapioca Nutella,16.0,1,16.0,Cartão Crédito,Fevereiro,0.0,16.0
2026-02-02 17:59:00,Tapioca Carne Seca c/ Catupiry,20.0,3,60.0,Dinheiro,Fevereiro,0.0,60.0
2026-02-02 18:12:00,Suco Limao,8.0,3,24.0,Cartão Crédito,Fevereiro,0.0,24.0
2026-02-02 19:17:00,Suco Laranja c/ Acerola,8.0,1,8.0,Cartão Débito,Fevereiro,0.0,8.0
2026-02-02 19:23:00,Tapioca Carne Seca c/ Requeijao,22.0,1,22.0,Pix,Fevereiro,0.0,22.0
2026-02-02 20:10:00,Suco Laranja c/ Acerola,8.0,1,8.0,Pix,Fevereiro,0.0,8.0
2026-02-02 20:19:00,Suco Limao c/ Inhame,8.0,1,8.0,Cartão Débito,Fevereiro,0.0,8.0
2026-02-02 20:27:00,Suco Abacaxi c/ Hortela e Gengibre,8.0,1,8.0,Dinheiro,Fevereiro,0.0,8.0
2026-02-02 20:55:00,Suco Manga,8.0,2,16.0,Dinheiro,Fevereiro,0.0,16.0
2026-02-03 08:09:00,Açaí,12.0,2,24.0,Dinheiro,Fevereiro,0.0,24.0
2026-02-03 08:38:00,Tapioca Frango c/ Requeijao,20.0,1,20.0,Cartão Crédito,Fevereiro,0.0,20.0
2026-02-03 09:39:00,Tapioca Frango c/ Queijo,18.0,1,18.0,Dinheiro,Fevereiro,0.0,18.0
2026-02-03 09:56:00,Tapioca Carne Seca c/ Queijo,20.0,1,20.0,Cartão Débito,Fevereiro,0.0,20.0
2026-02-03 09:56:00,Misto Quente,8.0,2,16.0,Pix,Fevereiro,0.0,16.0
2026-02-03 09:57:00,Manga,9.5,1,9.5,Cartão Débito,Fevereiro,0.0,9.5
2026-02-03 10:13:00,Suco Maracuja,8.0,1,8.0,Cartão Débito,Fevereiro,0.0,8.0
2026-02-03 10:24:00,Tapioca Carne Seca c/ Catupiry,20.0,1,20.0,Cartão Débito,Fevereiro,0.0,20.0
2026-02-03 11:04:00,Suco Manga,8.0,3,24.0,Pix,Fevereiro,0.0,24.0
2026-02-03 12:33:00,Suco Manga,8.0,2,16.0,Pix,Fevereiro,0.0,16.0
2026-02-03 12:52:00,Tapioca Bacon c/ Ovos e Queijo,18.0,2,36.0,Cartão Crédito,Fevereiro,0.0,36.0
2026-02-03 13:12:00,Suco Maracuja,8.0,1,8.0,Dinheiro,Fevereiro,0.0,8.0
2026-02-03 14:09:00,Tapioca Romeu e Julieta,16.0,2,32.0,Cartão Crédito,Fevereiro,0.0,32.0
2026-02-03 15:19:00,Fielzao,18.0,1,18.0,Dinheiro,Fevereiro,0.0,18.0
2026-02-03 15:59:00,Suco Limao,8.0,1,8.0,Pix,Fevereiro,0.0,8.0
2026-02-03 16:27:00,Pao c/ Ovo e Bacon,12.0,2,24.0,Dinheiro,Fevereiro,0.0,24.0
2026-02-03 17:35:00,Tapioca Carne Seca c/ Requeijao,22.0,2,44.0,Pix,Fevereiro,0.0,44.0
2026-02-03 18:14:00,Suco Abacaxi c/ Hortela e Gengibre,8.0,1,8.0,Cartão Débito,Fevereiro,0.0,8.0
2026-02-03 18:33:00,Limonada Suíça,9.0,3,27.0,Cartão Crédito,Fevereiro,0.0,27.0
2026-02-03 18:46:00,Sanduiche Natural,10.0,1,10.0,Dinheiro,Fevereiro,0.0,10.0
2026-02-03 20:23:00,Vitamina Banana c/ Aveia,15.0,1,15.0,Pix,Fevereiro,0.0,15.0
2026-02-03 20:41:00,Suco Laranja c/ Acerola,8.0,1,8.0,Dinheiro,Fevereiro,0.0,8.0
2026-02-04 09:26:00,Suco Goiaba,8.0,1,8.0,Dinheiro,Fevereiro,0.0,8.0
2026-02-04 10:08:00,Tapioca Bacon c/ Ovos e Queijo,18.0,3,54.0,Dinheiro,Fevereiro,0.0,54.0
2026-02-04 10:16:00,"Tapioca Queijo c/ Presunto, Calabresa e Cheddar",16.0,2,32.0,Cartão Crédito,Fevereiro,0.0,32.0
2026-02-04 10:18:00,Suco Laranja c/ Couve e Hortela,8.0,2,16.0,Pix,Fevereiro,0.0,16.0
2026-02-04 10:38:00,Pao c/ Linguica,12.0,1,12.0,Cartão Débito,Fevereiro,0.0,12.0
2026-02-04 11:31:00,Tapioca Romeu e Julieta,16.0,1,16.0,Cartão Débito,Fevereiro,0.0,16.0
2026-02-04 11:38:00,Vitamina Maracuja,15.0,3,45.0,Cartão Débito,Fevereiro,0.0,45.0
2026-02-04 12:20:00,Tapioca Frango c/ Requeijao,20.0,1,20.0,Cartão Débito,Fevereiro,0.0,20.0
2026-02-04 14:08:00,Morango,11.0,2,22.0,Dinheiro,Fevereiro,0.0,22.0
2026-02-04 14:34:00,Fielzao,18.0,1,18.0,Cartão Crédito,Fevereiro,0.0,18.0
2026-02-04 14:44:00,Salada de frutas,12.0,1,12.0,Pix,Fevereiro,0.0,12.0
2026-02-04 15:03:00,Suco Laranja c/ Morango,8.0,1,8.0,Pix,Fevereiro,0.0,8.0
2026-02-04 15:10:00,Tapioca Bacon c/ Queijo e Requeijao,18.0,3,54.0,Cartão Crédito,Fevereiro,0.0,54.0
2026-02-04 15:29:00,Vitamina Abacate,15.0,1,15.0,Cartão Débito,Fevereiro,0.0,15.0
2026-02-04 15:53:00,Tapioca Frango c/ Catupiry,18.0,3,54.0,Pix,Fevereiro,0.0,54.0
2026-02-04 16:42:00,Suco Melancia,8.0,2,16.0,Dinheiro,Fevereiro,0.0,16.0
2026-02-04 17:27:00,Suco Goiaba,8.0,1,8.0,Dinheiro,Fevereiro,0.0,8.0
2026-02-04 18:19:00,Tapioca Nutella c/ Oreo,17.0,1,17.0,Pix,Fevereiro,0.0,17.0
2026-02-04 18:39:00,Pao c/ Ovo e Bacon,12.0,1,12.0,Dinheiro,Fevereiro,0.0,12.0
2026-02-04 18:43:00,Vitamina Banana c/ Aveia,15.0,3,45.0,Cartão Crédito,Fevereiro,0.0,45.0
2026-02-04 18:52:00,Vitamina Abacate,15.0,1,15.0,Pix,Fevereiro,0.0,15.0
2026-02-04 19:49:00,"Tapioca Queijo c/ Presunto, Calabresa e Cheddar",16.0,3,48.0,Pix,Fevereiro,0.0,48.0
2026-02-04 20:50:00,Tapioca Carne Seca c/ Cheddar,20.0,1,20.0,Cartão Crédito,Fevereiro,0.0,20.0
2026-02-05 08:30:00,Suco Abacaxi c/ Hortela e Gengibre,8.0,1,8.0,Dinheiro,Fevereiro,0.0,8.0
2026-02-05 08:43:00,Suco Abacaxi,8.0,2,16.0,Cartão Crédito,Fevereiro,0.0,16.0
2026-02-05 09:18:00,Tapioca Carne Seca c/ Queijo,20.0,1,20.0,Dinheiro,Fevereiro,0.0,20.0
2026-02-05 09:49:00,"Tapioca Queijo c/ Presunto, Calabresa e Cheddar",16.0,1,16.0,Dinheiro,Fevereiro,0.0,16.0
2026-02-05 09:53:00,Tapioca Carne Seca c/ Catupiry,20.0,1,20.0,Cartão Débito,Fevereiro,0.0,20.0
2026-02-05 10:03:00,"Suco Beterraba c/ Cenoura, Laranja, Limao e Gengibre",8.0,2,16.0,Pix,Fevereiro,0.0,16.0
2026-02-05 10:38:00,Misto c/ Queijo e Peito de Peru,12.0,2,24.0,Dinheiro,Fevereiro,0.0,24.0
2026-02-05 10:43:00,Misto c/ Ovo,10.0,1,10.0,Cartão Débito,Fevereiro,0.0,10.0
2026-02-05 11:12:00,Tapioca Frango c/ Cheddar,18.0,1,18.0,Pix,Fevereiro,0.0,18.0
2026-02-05 11:42:00,Tapioca Carne Seca c/ Requeijao,22.0,1,22.0,Pix,Fevereiro,0.0,22.0
2026-02-05 11:56:00,Tapioca Calabresa c/ Cheddar,16.0,1,16.0,Pix,Fevereiro,0.0,16.0
2026-02-05 14:22:00,Vitamina Maracuja,15.0,1,15.0,Pix,Fevereiro,0.0,15.0
2026-02-05 15:09:00,Tapioca Bacon c/ Queijo e Requeijao,18.0,1,18.0,Dinheiro,Fevereiro,0.0,18.0
2026-02-05 16:10:00,Açaí,12.0,1,12.0,Dinheiro,Fevereiro,0.0,12.0
2026-02-05 16:13:00,Tapioca Nutella,16.0,1,16.0,Cartão Débito,Fevereiro,0.0,16.0
2026-02-05 16:24:00,Suco Limao c/ Inhame,8.0,1,8.0,Cartão Débito,Fevereiro,0.0,8.0
2026-02-05 16:54:00,Misto c/ Ovo,10.0,2,20.0,Pix,Fevereiro,0.0,20.0
2026-02-05 18:23:00,Açaí,12.0,1,12.0,Cartão Crédito,Fevereiro,0.0,12.0
2026-02-05 18:44:00,"Pao c/ Ovo, Bacon e Queijo Coalho",15.0,1,15.0,Cartão Crédito,Fevereiro,0.0,15.0
2026-02-05 19:06:00,Suco Laranja c/ Couve e Hortela,8.0,1,8.0,Dinheiro,Fevereiro,0.0,8.0
2026-02-05 19:58:00,Suco Goiaba,8.0,1,8.0,Cartão Débito,Fevereiro,0.0,8.0
2026-02-06 09:17:00,Suco Maracuja,8.0,1,8.0,Cartão Débito,Fevereiro,0.0,8.0
2026-02-06 09:51:00,Tapioca Nutella c/ Oreo,17.0,1,17.0,Cartão Débito,Fevereiro,0.0,17.0
2026-02-06 09:59:00,Suco Maracuja c/ Morango,8.0,1,8.0,Pix,Fevereiro,0.0,8.0
2026-02-06 10:13:00,Suco Limao c/ Inhame,8.0,2,16.0,Cartão Crédito,Fevereiro,0.0,16.0
2026-02-06 10:17:00,Suco Maracuja c/ Morango,8.0,1,8.0,Dinheiro,Fevereiro,0.0,8.0
2026-02-06 10:32:00,Tapioca Frango c/ Cheddar,18.0,1,18.0,Pix,Fevereiro,0.0,18.0
2026-02-06 10:40:00,Suco Limao c/ Inhame,8.0,1,8.0,Dinheiro,Fevereiro,0.0,8.0
2026-02-06 11:01:00,Suco Laranja c/ Acerola,8.0,1,8.0,Dinheiro,Fevereiro,0.0,8.0
2026-02-06 11:27:00,Limonada Suíça,9.0,1,9.0,Dinheiro,Fevereiro,0.0,9.0
2026-02-06 11:30:00,Misto c/ Ovo,10.0,1,10.0,Cartão Crédito,Fevereiro,0.0,10.0
2026-02-06 12:02:00,Suco Melancia,8.0,3,24.0,Dinheiro,Fevereiro,0.0,24.0
2026-02-06 12:39:00,Pao c/ Linguica,12.0,1,12.0,Pix,Fevereiro,0.0,12.0
2026-02-06 12:54:00,Pao c/ Ovo e Bacon,12.0,1,12.0,Pix,Fevereiro,0.0,12.0
2026-02-06 13:00:00,Vitamina Banana c/ Aveia,15.0,1,15.0,Cartão Débito,Fevereiro,0.0,15.0
2026-02-06 13:02:00,Misto Quente,8.0,1,8.0,Dinheiro,Fevereiro,0.0,8.0
2026-02-06 13:08:00,"Suco Beterraba c/ Cenoura, Laranja, Limao e Gengibre",8.0,1,8.0,Cartão Crédito,Fevereiro,0.0,8.0
2026-02-06 13:23:00,Tapioca Calabresa c/ Cheddar,16.0,1,16.0,Dinheiro,Fevereiro,0.0,16.0
2026-02-06 13:55:00,Tapioca Nutella,16.0,3,48.0,Cartão Débito,Fevereiro,0.0,48.0
2026-02-06 15:43:00,Morango,11.0,3,33.0,Dinheiro,Fevereiro,0.0,33.0
2026-02-06 15:48:00,Suco Maracuja,8.0,1,8.0,Dinheiro,Fevereiro,0.0,8.0
2026-02-06 15:51:00,Tapioca Calabresa c/ Queijo,16.0,2,32.0,Cartão Débito,Fevereiro,0.0,32.0
2026-02-06 16:14:00,Suco Limao c/ Inhame,8.0,1,8.0,Dinheiro,Fevereiro,0.0,8.0
2026-02-06 17:23:00,Pao c/ Linguica,12.0,3,36.0,Pix,Fevereiro,0.0,36.0
2026-02-06 17:41:00,Limonada Suíça,9.0,1,9.0,Cartão Débito,Fevereiro,0.0,9.0
2026-02-06 18:02:00,Tapioca Nutella,16.0,1,16.0,Cartão Crédito,Fevereiro,0.0,16.0
2026-02-06 18:18:00,Tapioca Nutella c/ Oreo,17.0,2,34.0,Cartão Crédito,Fevereiro,0.0,34.0
2026-02-06 18:32:00,Tapioca Frango c/ Catupiry,18.0,2,36.0,Cartão Débito,Fevereiro,0.0,36.0
2026-02-06 18:50:00,Suco Maracuja c/ Morango,8.0,1,8.0,Pix,Fevereiro,0.0,8.0
2026-02-06 19:14:00,Tapioca Romeu e Julieta,16.0,1,16.0,Dinheiro,Fevereiro,0.0,16.0
2026-02-06 19:43:00,Suco Limao c/ Inhame,8.0,1,8.0,Dinheiro,Fevereiro,0.0,8.0
2026-02-06 20:53:00,Suco Maracuja c/ Morango,8.0,1,8.0,Cartão Débito,Fevereiro,0.0,8.0
2026-02-07 08:20:00,Verde Detox,10.0,1,10.0,Cartão Crédito,Fevereiro,0.0,10.0
2026-02-07 08:52:00,Tapioca Bacon c/ Ovos e Queijo,18.0,2,36.0,Pix,Fevereiro,0.0,36.0
2026-02-07 09:27:00,Suco Maracuja c/ Morango,8.0,1,8.0,Dinheiro,Fevereiro,0.0,8.0
2026-02-07 09:30:00,Suco Maracuja,8.0,2,16.0,Cartão Crédito,Fevereiro,0.0,16.0
2026-02-07 09:30:00,Pao c/ Ovo e Bacon,12.0,1,12.0,Cartão Débito,Fevereiro,0.0,12.0
2026-02-07 11:05:00,Suco Maracuja,8.0,1,8.0,Cartão Crédito,Fevereiro,0.0,8.0
2026-02-07 12:35:00,Suco Maracuja,8.0,1,8.0,Cartão Débito,Fevereiro,0.0,8.0
2026-02-07 12:37:00,Suco Manga,8.0,2,16.0,Dinheiro,Fevereiro,0.0,16.0
2026-02-07 12:54:00,Vitamina Banana c/ Aveia,15.0,1,15.0,Pix,Fevereiro,0.0,15.0
2026-02-07 13:18:00,Suco Maracuja,8.0,2,16.0,Cartão Débito,Fevereiro,0.0,16.0
2026-02-07 13:26:00,Sanduiche Natural,10.0,1,10.0,Pix,Fevereiro,0.0,10.0
2026-02-07 14:12:00,Vitamina Abacate,15.0,1,15.0,Dinheiro,Fevereiro,0.0,15.0
2026-02-07 14:15:00,Tapioca Coco c/ Leite Condensado,16.0,1,16.0,Cartão Crédito,Fevereiro,0.0,16.0
2026-02-07 15:17:00,Tapioca Frango c/ Requeijao,20.0,1,20.0,Cartão Débito,Fevereiro,0.0,20.0
2026-02-07 15:26:00,Tapioca Carne Seca c/ Requeijao,22.0,1,22.0,Dinheiro,Fevereiro,0.0,22.0
2026-02-07 15:29:00,Tapioca Carne Seca c/ Requeijao,22.0,1,22.0,Cartão Débito,Fevereiro,0.0,22.0
2026-02-07 15:53:00,"Pao c/ Ovo, Bacon e Queijo Coalho",15.0,1,15.0,Dinheiro,Fevereiro,0.0,15.0
2026-02-07 17:56:00,Suco Maracuja,8.0,1,8.0,Cartão Débito,Fevereiro,0.0,8.0
2026-02-07 18:41:00,Suco Limao c/ Inhame,8.0,1,8.0,Cartão Crédito,Fevereiro,0.0,8.0
2026-02-07 18:49:00,Suco Manga,8.0,1,8.0,Pix,Fevereiro,0.0,8.0
2026-02-07 19:16:00,Suco Laranja c/ Acerola,8.0,2,16.0,Cartão Débito,Fevereiro,0.0,16.0
2026-02-07 19:19:00,Limonada Suíça,9.0,1,9.0,Cartão Débito,Fevereiro,0.0,9.0
2026-02-07 19:21:00,Tapioca Carne Seca c/ Requeijao,22.0,1,22.0,Pix,Fevereiro,0.0,22.0
2026-02-07 20:23:00,Tapioca Frango c/ Cheddar,18.0,1,18.0,Dinheiro,Fevereiro,0.0,18.0
2026-02-07 20:54:00,Suco Abacaxi,8.0,3,24.0,Cartão Crédito,Fevereiro,0.0,24.0
2026-02-08 08:12:00,Tapioca Frango c/ Catupiry,18.0,1,18.0,Cartão Crédito,Fevereiro,0.0,18.0
2026-02-08 09:04:00,Suco Melancia,8.0,1,8.0,Dinheiro,Fevereiro,0.0,8.0
2026-02-08 09:07:00,Tapioca Bacon c/ Ovos e Queijo,18.0,1,18.0,Dinheiro,Fevereiro,0.0,18.0
2026-02-08 09:13:00,Suco Goiaba,8.0,1,8.0,Pix,Fevereiro,0.0,8.0
2026-02-08 09:42:00,Tapioca Carne Seca c/ Catupiry,20.0,1,20.0,Pix,Fevereiro,0.0,20.0
2026-02-08 10:24:00,Tapioca Bacon c/ Queijo e Requeijao,18.0,1,18.0,Cartão Débito,Fevereiro,0.0,18.0
2026-02-08 11:05:00,"Tapioca Queijo c/ Presunto, Calabresa e Cheddar",16.0,2,32.0,Cartão Débito,Fevereiro,0.0,32.0
2026-02-08 11:17:00,"Tapioca Queijo c/ Presunto, Calabresa e Cheddar",16.0,1,16.0,Cartão Débito,Fevereiro,0.0,16.0
2026-02-08 11:18:00,Pao c/ Linguica,12.0,2,24.0,Dinheiro,Fevereiro,0.0,24.0
2026-02-08 11:49:00,Sanduiche Natural,10.0,1,10.0,Dinheiro,Fevereiro,0.0,10.0
2026-02-08 11:55:00,Limonada Suíça,9.0,3,27.0,Pix,Fevereiro,0.0,27.0
2026-02-08 13:39:00,Suco Laranja c/ Morango,8.0,2,16.0,Dinheiro,Fevereiro,0.0,16.0
2026-02-08 13:40:00,Suco Limao,8.0,1,8.0,Cartão Crédito,Fevereiro,0.0,8.0
2026-02-08 13:43:00,"Tapioca Queijo c/ Presunto, Calabresa e Cheddar",16.0,2,32.0,Cartão Débito,Fevereiro,0.0,32.0
2026-02-08 13:46:00,Limonada Suíça,9.0,1,9.0,Pix,Fevereiro,0.0,9.0
2026-02-08 14:12:00,Tapioca Coco c/ Leite Condensado,16.0,1,16.0,Cartão Crédito,Fevereiro,0.0,16.0
2026-02-08 14:28:00,Tapioca Frango c/ Cheddar,18.0,1,18.0,Cartão Crédito,Fevereiro,0.0,18.0
2026-02-08 14:37:00,Suco Manga,8.0,1,8.0,Cartão Crédito,Fevereiro,0.0,8.0
2026-02-08 15:18:00,Suco Melancia,8.0,1,8.0,Dinheiro,Fevereiro,0.0,8.0
2026-02-08 15:31:00,Suco Abacaxi c/ Hortela e Gengibre,8.0,1,8.0,Pix,Fevereiro,0.0,8.0
2026-02-08 15:55:00,Suco Laranja c/ Morango,8.0,2,16.0,Cartão Crédito,Fevereiro,0.0,16.0
2026-02-08 16:16:00,Manga,9.5,1,9.5,Cartão Débito,Fevereiro,0.0,9.5
2026-02-08 17:09:00,Tapioca Calabresa c/ Queijo,16.0,1,16.0,Dinheiro,Fevereiro,0.0,16.0
2026-02-08 17:16:00,Suco Laranja,8.0,1,8.0,Cartão Crédito,Fevereiro,0.0,8.0
2026-02-08 17:52:00,Tapioca Calabresa c/ Queijo,16.0,1,16.0,Dinheiro,Fevereiro,0.0,16.0
2026-02-08 17:58:00,Salada de frutas,12.0,1,12.0,Pix,Fevereiro,0.0,12.0
2026-02-08 18:03:00,Pao c/ Ovo e Bacon,12.0,2,24.0,Cartão Crédito,Fevereiro,0.0,24.0
2026-02-08 18:13:00,Tapioca Frango c/ Catupiry,18.0,1,18.0,Pix,Fevereiro,0.0,18.0
2026-02-08 19:36:00,Tapioca Romeu e Julieta,16.0,1,16.0,Pix,Fevereiro,0.0,16.0
2026-02-08 20:22:00,Tapioca Frango c/ Queijo,18.0,1,18.0,Cartão Crédito,Fevereiro,0.0,18.0
2026-02-08 20:31:00,Tapioca Bacon c/ Queijo e Requeijao,18.0,2,36.0,Dinheiro,Fevereiro,0.0,36.0
2026-02-09 08:15:00,Suco Laranja c/ Couve e Hortela,8.0,1,8.0,Cartão Crédito,Fevereiro,0.0,8.0
2026-02-09 09:05:00,Suco Laranja c/ Couve e Hortela,8.0,3,24.0,Dinheiro,Fevereiro,0.0,24.0
2026-02-09 09:18:00,Vitamina Banana c/ Aveia,15.0,1,15.0,Cartão Débito,Fevereiro,0.0,15.0
2026-02-09 09:48:00,"Tapioca Queijo c/ Presunto, Calabresa e Cheddar",16.0,1,16.0,Cartão Crédito,Fevereiro,0.0,16.0
2026-02-09 09:49:00,Pao c/ Ovo e Bacon,12.0,3,36.0,Dinheiro,Fevereiro,0.0,36.0
2026-02-09 10:49:00,Suco Abacaxi,8.0,2,16.0,Cartão Débito,Fevereiro,0.0,16.0
2026-02-09 11:04:00,Suco Goiaba,8.0,1,8.0,Cartão Débito,Fevereiro,0.0,8.0
2026-02-09 12:19:00,Suco Limao c/ Inhame,8.0,1,8.0,Dinheiro,Fevereiro,0.0,8.0
2026-02-09 12:37:00,Suco Goiaba,8.0,1,8.0,Dinheiro,Fevereiro,0.0,8.0
2026-02-09 13:27:00,Verde Detox,10.0,2,20.0,Dinheiro,Fevereiro,0.0,20.0
2026-02-09 13:42:00,Pao c/ Linguica,12.0,1,12.0,Pix,Fevereiro,0.0,12.0
2026-02-09 14:06:00,Tapioca Calabresa c/ Queijo,16.0,3,48.0,Cartão Débito,Fevereiro,0.0,48.0
2026-02-09 14:11:00,Manga,9.5,1,9.5,Pix,Fevereiro,0.0,9.5
2026-02-09 16:14:00,Suco Maracuja c/ Morango,8.0,1,8.0,Cartão Débito,Fevereiro,0.0,8.0
2026-02-09 17:01:00,Tapioca Bacon c/ Ovos e Queijo,18.0,2,36.0,Pix,Fevereiro,0.0,36.0
2026-02-09 17:04:00,Tapioca Frango c/ Requeijao,20.0,1,20.0,Pix,Fevereiro,0.0,20.0
2026-02-09 17:54:00,Tapioca Calabresa c/ Cheddar,16.0,2,32.0,Cartão Débito,Fevereiro,0.0,32.0
2026-02-09 18:09:00,"Pao c/ Ovo, Bacon e Queijo Coalho",15.0,1,15.0,Pix,Fevereiro,0.0,15.0
2026-02-09 18:27:00,Tapioca Queijo Branco c/ Peito de Peru,16.0,2,32.0,Cartão Débito,Fevereiro,0.0,32.0
2026-02-09 18:46:00,Vitamina Morango,15.0,1,15.0,Cartão Crédito,Fevereiro,0.0,15.0
2026-02-09 18:53:00,Vitamina Banana c/ Aveia,15.0,1,15.0,Dinheiro,Fevereiro,0.0,15.0
2026-02-09 19:27:00,Suco Laranja,8.0,1,8.0,Dinheiro,Fevereiro,0.0,8.0
2026-02-09 19:55:00,Suco Laranja c/ Morango,8.0,2,16.0,Cartão Crédito,Fevereiro,0.0,16.0
2026-02-09 20:49:00,Suco Laranja c/ Morango,8.0,1,8.0,Dinheiro,Fevereiro,0.0,8.0
2026-02-10 08:24:00,Tapioca Queijo c/ Presunto,16.0,3,48.0,Cartão Crédito,Fevereiro,0.0,48.0
2026-02-10 08:42:00,Vitamina Banana c/ Aveia,15.0,1,15.0,Pix,Fevereiro,0.0,15.0
2026-02-10 08:50:00,Tapioca Carne Seca c/ Requeijao,22.0,1,22.0,Pix,Fevereiro,0.0,22.0
2026-02-10 09:02:00,Tapioca Romeu e Julieta,16.0,1,16.0,Cartão Débito,Fevereiro,0.0,16.0
2026-02-10 09:21:00,Misto Quente,8.0,2,16.0,Dinheiro,Fevereiro,0.0,16.0
2026-02-10 09:36:00,Suco Laranja c/ Couve e Hortela,8.0,3,24.0,Cartão Crédito,Fevereiro,0.0,24.0
2026-02-10 10:08:00,Vitamina Banana c/ Aveia,15.0,1,15.0,Dinheiro,Fevereiro,0.0,15.0
2026-02-10 10:20:00,Tapioca Nutella,16.0,1,16.0,Pix,Fevereiro,0.0,16.0
2026-02-10 10:23:00,Tapioca Coco c/ Leite Condensado,16.0,1,16.0,Cartão Crédito,Fevereiro,0.0,16.0
2026-02-10 10:33:00,"Tapioca Queijo c/ Presunto, Calabresa e Cheddar",16.0,1,16.0,Pix,Fevereiro,0.0,16.0
2026-02-10 10:53:00,Manga,9.5,1,9.5,Cartão Débito,Fevereiro,0.0,9.5
2026-02-10 11:12:00,Tapioca Frango c/ Queijo,18.0,1,18.0,Cartão Débito,Fevereiro,0.0,18.0
2026-02-10 11:37:00,"Tapioca Queijo c/ Presunto, Calabresa e Cheddar",16.0,3,48.0,Dinheiro,Fevereiro,0.0,48.0
2026-02-10 11:57:00,Tapioca Nutella c/ Oreo,17.0,1,17.0,Dinheiro,Fevereiro,0.0,17.0
2026-02-10 12:13:00,Tapioca Queijo c/ Presunto,16.0,1,16.0,Cartão Débito,Fevereiro,0.0,16.0
2026-02-10 12:22:00,Tapioca Romeu e Julieta,16.0,2,32.0,Pix,Fevereiro,0.0,32.0
2026-02-10 12:35:00,Tapioca Queijo Branco c/ Peito de Peru,16.0,3,48.0,Pix,Fevereiro,0.0,48.0
2026-02-10 13:35:00,Suco Laranja c/ Couve e Hortela,8.0,1,8.0,Pix,Fevereiro,0.0,8.0
2026-02-10 13:41:00,Tapioca Carne Seca c/ Cheddar,20.0,3,60.0,Dinheiro,Fevereiro,0.0,60.0
2026-02-10 13:43:00,Suco Laranja c/ Acerola,8.0,1,8.0,Pix,Fevereiro,0.0,8.0
2026-02-10 13:48:00,Misto c/ Ovo,10.0,3,30.0,Pix,Fevereiro,0.0,30.0
2026-02-10 14:03:00,Tapioca Frango c/ Cheddar,18.0,2,36.0,Cartão Crédito,Fevereiro,0.0,36.0
2026-02-10 14:14:00,Suco Maracuja,8.0,1,8.0,Dinheiro,Fevereiro,0.0,8.0
2026-02-10 14:43:00,"Suco Beterraba c/ Cenoura, Laranja, Limao e Gengibre",8.0,1,8.0,Pix,Fevereiro,0.0,8.0
2026-02-10 14:57:00,Tapioca Frango c/ Cheddar,18.0,1,18.0,Dinheiro,Fevereiro,0.0,18.0
2026-02-10 15:07:00,Suco Abacaxi c/ Hortela e Gengibre,8.0,2,16.0,Cartão Crédito,Fevereiro,0.0,16.0
2026-02-10 15:34:00,Tapioca Bacon c/ Ovos e Queijo,18.0,1,18.0,Pix,Fevereiro,0.0,18.0
2026-02-10 15:47:00,Açaí,12.0,2,24.0,Cartão Débito,Fevereiro,0.0,24.0
2026-02-10 16:37:00,"Pao c/ Ovo, Bacon e Queijo Coalho",15.0,1,15.0,Cartão Débito,Fevereiro,0.0,15.0
2026-02-10 17:57:00,Tapioca Calabresa c/ Cheddar,16.0,3,48.0,Pix,Fevereiro,0.0,48.0
2026-02-10 18:05:00,Pao c/ Linguica,12.0,1,12.0,Pix,Fevereiro,0.0,12.0
2026-02-10 19:26:00,Tapioca Queijo c/ Presunto,16.0,1,16.0,Pix,Fevereiro,0.0,16.0
2026-02-10 19:27:00,Suco Limao c/ Inhame,8.0,1,8.0,Pix,Fevereiro,0.0,8.0
2026-02-10 20:14:00,Suco Laranja c/ Couve e Hortela,8.0,3,24.0,Pix,Fevereiro,0.0,24.0
2026-02-10 20:14:00,Limonada Suíça,9.0,1,9.0,Dinheiro,Fevereiro,0.0,9.0
